entrez_gene_id	hugo_symbol
9397	NMT2
57178	ZMIZ1
143872	ARHGAP42
5896	RAG1
338323	NLRP14
5827	PXMP2
112802	KRT71
3848	KRT1
5042	PABPC3
2321	FLT1
23077	MYCBP2
25831	HECTD1
253959	RALGAPA1
1033	CDKN3
55745	AP5M1
26030	PLEKHG3
7057	THBS1
117155	CATSPER2
11001	SLC27A2
9236	CCPG1
10620	ARID3B
84662	GLIS2
55336	FBXL8
29	ABR
56953	NT5M
5469	MED1
4353	MPO
9150	CTDP1
3385	ICAM3
3770	KCNJ14
79784	MYH14
162998	OR7D2
178	AGL
1952	CELSR2
55891	LENEP
23381	SMG5
27	ABL2
23179	RGL1
5317	PKP1
55746	NUP133
10327	AKR1A1
85440	DOCK7
494115	RBMXL1
5293	PIK3CD
26152	ZNF337
5476	CTSA
6227	RPS21
7122	CLDN5
421	ARVCF
23112	TNRC6B
84844	PHF5A
171568	POLR3H
23774	BRD1
9448	MAP4K4
53353	LRP1B
10920	COPS8
54497	HEATR5B
388960	C2orf78
7428	VHL
285313	IGSF10
4585	MUC4
7342	UBP1
3708	ITPR1
51574	LARP7
11199	ANXA10
10699	CORIN
100631383	FAM47E-STBD1
5783	PTPN13
441108	C5orf56
3308	HSPA4
29102	DROSHA
635	BHMT
262	AMD1
222553	SLC35F1
8831	SYNGAP1
27154	BRPF3
27283	TINAG
29969	MDFIC
142685	ASB15
64764	CREB3L2
155435	RBM33
3955	LFNG
1644	DDC
57154	SMURF1
79037	PVRIG
157313	CDCA2
51435	SCARA3
59339	PLEKHA2
84197	POMK
203286	ANKS6
954	ENTPD2
79813	EHMT1
7436	VLDLR
27336	HTATSF1
25878	MXRA5
2705	GJB1
9886	RHOBTB1
1959	EGR2
3312	HSPA8
6712	SPTBN2
540	ATP7B
23503	ZFYVE26
6554	SLC10A1
146059	CDAN1
51704	GPRC5B
54988	ACSM5
57547	ZNF624
22861	NLRP1
5797	PTPRM
57794	SUGP1
54938	SARS2
284325	C19orf54
284297	SSC5D
84106	PRAM1
4542	MYO1F
6339	SCNN1D
2630	GBAP1
343035	RD3
54627	MAP10
6421	SFPQ
23499	MACF1
140885	SIRPA
57167	SALL4
9514	GAL3ST1
4036	LRP2
2122	MECOM
6870	TACR3
134353	LSM11
667	DST
3174	HNF4G
9919	SEC16A
54801	HAUS6
54885	TBC1D8B
4114	MAGEB3
7789	ZXDA
22876	INPP5F
26103	LRIT1
5728	PTEN
10394	PRG3
4842	NOS1
160777	CCDC60
2059	EPS8
8085	KMT2D
7786	MAP3K12
6472	SHMT2
8076	MFAP5
56163	RNF17
675	BRCA2
7178	TPT1
4008	LMO7
57523	NYNRIN
11169	WDHD1
10001	MED6
54993	ZSCAN2
8826	IQGAP1
51061	TXNDC11
4642	MYO1D
284001	CCDC57
8736	MYOM1
7050	TGIF1
126370	OR1I1
6822	SULT2A1
84671	ZNF347
199713	NLRP7
5394	EXOSC10
126668	TDRD10
480	ATP1A4
54823	SWT1
83872	HMCN1
259266	ASPM
7399	USH2A
440730	TRIM67
26246	OR2L2
1104	RCC1
149175	MANEAL
4998	ORC1
200008	CDCP2
6121	RPE65
2897	GRIK1
64699	TMPRSS3
91319	DERL3
80122	MAP3K19
55183	RIF1
7273	TTN
2335	FN1
5510	PPP1R7
129303	TMEM150A
50939	IMPG2
79825	EFCC1
29072	SETD2
8314	BAP1
55540	IL17RB
79310	OR5H2
133022	TRAM1L1
81793	TLR10
81848	SPRY4
1004	CDH6
79722	ANKRD55
3350	HTR1A
221711	SYCP2L
85313	PPIL4
51106	TFB1M
3834	KIF25
51557	LGSN
54674	LRRN3
5803	PTPRZ1
8976	WASL
136371	ASB10
26173	INTS1
54892	NCAPG2
222967	RSPH10B
25879	DCAF13
114788	CSMD3
4481	MSR1
2185	PTK2B
80223	RAB11FIP1
7419	VDAC3
65986	ZBTB10
3934	LCN2
5253	PHF2
643311	CT47B1
2334	AFF2
170062	FAM47B
6872	TAF1
57118	CAMK1D
3688	ITGB1
378938	MALAT1
3821	KLRC1
29843	SENP1
8411	EEA1
93492	TPTE2
51496	CTDSPL2
55215	FANCI
146330	FBXL16
23302	WSCD1
114770	PGLYRP2
2872	MKNK2
284443	ZNF493
93190	C1orf158
83417	FCRL4
79577	CDC73
23046	KIF21B
51706	CYB5R1
26254	OPTC
5629	PROX1
8476	CDC42BPA
7483	WNT9A
79258	MMEL1
5142	PDE4B
55515	ASIC4
51112	TRAPPC12
26505	CNNM3
26984	SEC22A
1894	ECT2
6419	SETMAR
84276	NICN1
55193	PBRM1
2247	FGF2
646603	C4orf51
886	CCKAR
79725	THAP9
134430	WDR36
64083	GOLPH3
3977	LIFR
57699	CPNE5
6885	MAP3K7
28584	TRBV10-2
56302	TRPV5
8621	CDK13
83637	ZMIZ2
11178	LZTS1
55140	ELP3
64478	CSMD1
137902	PXDNL
23213	SULF1
64170	CARD9
79048	SECISBP2
51284	TLR7
6877	TAF5
10579	TACC2
1488	CTBP2
93426	SYCE1
22982	DIP2C
3363	HTR7
6585	SLIT1
8065	CUL5
9743	ARHGAP32
113174	SAAL1
4926	NUMA1
26011	TENM4
65082	VPS33A
51729	WBP11
10677	AVIL
121227	LRIG3
282809	POC1B
6049	RNF6
7223	TRPC4
647174	SERPINE3
1778	DYNC1H1
55237	VRTN
51621	KLF13
723972	ANP32AP1
701	BUB1B
440279	UNC13C
92483	LDHAL6B
6095	RORA
692149	SCARNA14
54962	TIPIN
374654	KIF7
79838	TMC5
3294	HSD17B2
23164	MPRIP
440435	GPR179
162605	KRT28
10209	EIF1
4185	ADAM11
8913	CACNA1G
6397	SEC14L1
4097	MAFG
23136	EPB41L3
1005	CDH7
4854	NOTCH3
58513	EPS15L1
284434	NWD1
27106	ARRDC2
664701	ZNF826P
6223	RPS19
128239	IQGAP3
9047	SH2D2A
7139	TNNT2
90806	ANGEL2
7257	TSNAX
3192	HNRNPU
23358	USP24
731	C8A
25980	AAR2
23315	SLC9A8
128611	ZNF831
54084	TSPEAR
80020	FOXRED2
9486	CHST10
10130	PDIA6
92196	DAPL1
65977	PLEKHA3
55619	DOCK10
3667	IRS1
284948	SH2D6
84561	SLC12A8
4171	MCM2
4976	OPA1
23395	LARS2
285237	C3orf38
79633	FAT4
114905	C1QTNF7
91351	DDX60L
10396	ATP8A1
2926	GRSF1
10723	SLC12A7
133923	ZNF474
9542	NRG2
6949	TCOF1
253260	RICTOR
3673	ITGA2
7746	ZSCAN9
57176	VARS2
23304	UBR2
22875	ENPP4
5314	PKHD1
57231	SNX14
2318	FLNC
57670	KIAA1549
58508	KMT2C
2990	GUSB
285989	ZNF789
51366	UBR5
4982	TNFRSF11B
23362	PSD3
5591	PRKDC
79648	MCPH1
79776	ZFHX4
92140	MTDH
169522	KCNV2
83744	ZNF484
90293	KLHL13
84159	ARID5B
2188	FANCF
92292	GLYATL1
7275	TUB
84934	RITA1
23504	RIMBP2
54893	MTMR10
51332	SPTBN5
2903	GRIN2A
6945	MLX
342510	CD300E
23347	SMCHD1
1828	DSG1
1829	DSG2
339291	LRRC30
66002	CYP4F12
5178	PEG3
57821	CCDC181
23418	CRB1
9877	ZC3H11A
2052	EPHX1
84288	EFCAB2
63976	PRDM16
4438	MSH4
84239	ATP13A4
2243	FGA
84076	TKTL2
153020	RASGEF1B
23530	NNT
340273	ABCB5
8701	DNAH11
154664	ABCA13
1364	CLDN4
3309	HSPA5
10171	RCL1
55609	ZNF280C
27287	VENTX
472	ATM
29087	THYN1
9152	SLC6A5
84680	ACCS
23130	ATG2A
120114	FAT3
41	ASIC1
64786	TBC1D15
5095	PCCA
64328	XPO4
10160	FARP1
81693	AMN
79711	IPO4
26277	TINF2
9472	AKAP6
6547	SLC8A3
8924	HERC2
440275	EIF2AK4
84894	LINGO1
55567	DNAH3
440350	NPIPB7
9093	DNAJA3
1006	CDH8
64779	MTHFSD
10749	KIF1C
9931	HELZ
5635	PRPSAP1
57332	CBX8
2194	FASN
1824	DSC2
4152	MBD1
30000	TNPO2
10147	SUGP2
148113	CILP2
79414	LRFN3
284348	LYPD5
7638	ZNF221
5536	PPP5C
23030	KDM4B
9659	PDE4DIP
8991	SELENBP1
80133	MROH9
1118	CHIT1
3633	INPP5B
55929	DMAP1
200010	SLC5A9
8543	LMO4
3785	KCNQ2
7109	TRAPPC10
84620	ST6GAL2
1134	CHRNA1
4719	NDUFS1
55825	PECR
130617	ZFAND2B
9581	PREPL
375248	ANKRD36
344658	SAMD7
2028	ENPEP
60559	SPCS3
285489	DOK7
8572	PDLIM4
56143	PCDHA5
7265	TTC1
5626	PROP1
23548	TTC33
3672	ITGA1
153562	MARVELD2
411	ARSB
51752	ERAP1
4018	LPA
9277	WDR46
5879	RAC1
7559	ZNF12
10395	DLC1
7991	TUSC3
4851	NOTCH1
10735	STAG2
660	BMX
8242	KDM5C
1787	TRDMT1
8509	NDST2
4041	LRP5
55291	PPP6R3
871	SERPINH1
121260	SLC15A4
23085	ERC1
28234	SLCO1B3
9958	USP15
716	C1S
11278	KLF12
1734	DIO2
84206	MEX3B
116285	ACSM1
115584	SLC5A11
23214	XPO6
1009	CDH11
10381	TUBB3
51168	MYO15A
92521	SPECC1
8844	KSR1
494335	MIR423
79915	ATAD5
11276	SYNRG
317719	KLHL10
6442	SGCA
55890	GPRC5C
6597	SMARCA4
10994	ILVBL
55201	MAP1S
84954	MPND
353355	ZNF233
5653	KLK6
402665	IGLON5
7728	ZNF175
10277	UBE4B
80222	TARS2
55870	ASH1L
92312	MEX3A
406977	MIR199A2
57795	BRINP2
23114	NFASC
84033	OBSCN
23334	SZT2
149473	CCDC24
115353	LRRC42
11080	DNAJB4
57580	PREX1
27304	MOCS3
7267	TTC3
57553	MICAL3
6122	RPL3
150365	MEI1
27127	SMC1B
692205	SNORD89
130827	TMEM182
64342	HS1BP3
55821	ALLC
347730	LRRTM1
7549	ZNF2
26504	CNNM4
5096	PCCB
79718	TBL1XR1
23132	RAD54L2
84836	ABHD14B
287	ANK2
57545	CC2D2A
5099	PCDH7
2121	EVC
84525	HOPX
22872	SEC31A
9879	DDX46
9604	RNF14
55781	RIOK2
1105	CHD1
9844	ELMO1
6674	SPAG1
9650	MTFR1
55357	TBC1D2
48	ACO1
10497	UNC13B
369	ARAF
56062	KLHL4
83849	SYT15
170392	OIT3
84333	PCGF5
26509	MYOF
5223	PGAM1
22897	CEP164
6653	SORL1
10062	NR1H3
143630	UBQLNL
85456	TNKS1BP1
390077	OR52N2
54972	TMEM132A
283248	RCOR2
8500	PPFIA1
56994	CHPT1
196541	METTL21C
23428	SLC7A8
10379	IRF9
8747	ADAM21
23768	FLRT2
342184	FMN1
9245	GCNT3
8925	HERC1
6650	CAPN15
54496	PRMT7
197335	WDR90
9564	BCAR1
84501	SPIRE2
201158	TVP23C
8557	TCAP
284058	KANSL1
56934	CA10
124602	KIF19
3691	ITGB4
8632	DNAH17
9625	AATK
116444	GRIN3B
5032	P2RY11
9545	RAB3D
9592	IER2
148206	ZNF714
4861	NPAS1
388567	ZNF749
22911	WDR47
343069	HNRNPCL1
2312	FLG
114771	PGLYRP3
255104	TMCO4
8289	ARID1A
200081	TXLNA
9670	IPO13
55001	TTC22
57554	LRRC7
343702	XKR7
343637	RSPO4
85319	BAGE2
7263	TST
389015	SLC9A4
4780	NFE2L2
50940	PDE11A
1290	COL5A2
54812	AFTPH
286676	ILDR1
7555	CNBP
545	ATR
53829	P2RY13
9197	SLC33A1
1977	EIF4E
9315	NREP
25929	GEMIN5
4056	LTC4S
375449	MAST4
6492	SIM1
55274	PHF10
54887	UHRF1BP1
57510	XPO5
79706	PRKRIP1
26266	SLC13A4
79161	TMEM243
89122	TRIM4
5747	PTK2
29894	CPSF1
50626	CYHR1
9355	LHX2
1384	CRAT
84726	PRRC2B
5730	PTGDS
401565	FAM166A
158381	ATP8B5P
63035	BCORL1
51311	TLR8
8481	OFD1
139604	MAGEB16
347365	ITIH6
5230	PGK1
10730	YME1L1
118461	C10orf71
54970	TTC12
54827	NXPE4
7184	HSP90B1
4666	NACA
84439	HHIPL1
23368	PPP1R13B
3714	JAG2
7249	TSC2
2622	GAS8
64149	C17orf75
51755	CDK12
8506	CNTNAP1
9229	DLGAP1
54877	ZCCHC2
28513	CDH19
284370	ZNF615
90317	ZNF616
90233	ZNF551
91181	NUP210L
3898	LAD1
1130	LYST
10000	AKT3
3151	HMGN2
84251	SGIP1
3595	IL12RB2
1827	RCAN1
5116	PCNT
64781	CERK
65059	RAPH1
29959	NRBP1
78989	COLEC11
57504	MTA3
2956	MSH6
10199	MPHOSPH10
56954	NIT2
57047	PLSCR2
25904	CNOT10
63891	RNF123
57408	LRTM1
55279	ZNF654
6189	RPS3A
9963	SLC23A1
6148	RPL23AP1
7916	PRRC2A
5558	PRIM2
79778	MICALL2
27072	VPS41
8910	SGCE
5168	ENPP2
114	ADCY8
195814	SDR16C5
57684	ZBTB26
8269	TMEM187
390083	OR56A3
11113	CIT
196385	DNAH10
3678	ITGA5
114785	MBD6
115557	ARHGEF25
9950	GOLGA5
54567	DLL4
9133	CCNB2
6124	RPL4
342096	GOLGA6A
64410	KLHL25
1428	CRYM
1066	CES1
23326	USP22
10939	AFG3L2
5275	SERPINB13
115950	ZNF653
284406	ZFP82
57348	TTYH1
56944	OLFML3
163589	TDRD5
5788	PTPRC
84886	C1orf198
2633	GBP1
85441	HELZ2
54020	SLC37A1
4175	MCM6
6508	SLC4A3
64091	POPDC2
375387	NRROS
6331	SCN5A
57205	ATP10D
6372	CXCL6
85409	NKD2
3313	HSPA9
64411	ARAP3
3113	HLA-DPA1
7922	SLC39A7
10455	ECI2
140453	MUC17
5649	RELN
7472	WNT2
168850	ZNF800
136263	SSMEM1
23072	HECW1
64951	MRPS24
222962	SLC29A4
10947	AP3M2
140803	TRPM6
29968	PSAT1
64072	CDH23
387755	INSC
7490	WT1
80829	ZFP91
932	MS4A3
154810	AMOTL1
79022	TMEM106C
8086	AAAS
6430	SRSF5
5371	PML
257629	ANKS4B
2975	GTF3C1
79903	NAA60
11060	WWP2
10164	CHST4
140775	SMCR8
54903	MKS1
27092	CACNG4
2125	EVPL
4200	ME2
284217	LAMA1
933	CD22
374928	ZNF773
353135	LCE1E
127579	DCST2
54856	GON4L
79368	FCRL2
60676	PAPPA2
23352	UBR4
91408	BTF3L4
57169	ZNFX1
140690	CTCFL
5105	PCK1
571	BACH1
1417	CRYBB3
7477	WNT7B
1285	COL4A3
22989	MYH15
3836	KPNA1
55768	NGLY1
8927	BSN
4486	MST1R
776	CACNA1D
51780	KDM3B
2196	FAT2
1008	CDH10
57583	TMEM181
4736	RPL10A
6903	TBCC
1915	EEF1A1
4199	ME1
55503	TRPV6
155054	ZNF425
26	AOC1
392636	AGMO
168417	ZNF679
640	BLK
51059	FAM135B
80185	TTI2
79803	HPS6
4892	NRAP
84569	LYZL1
29068	ZBTB44
117195	MRGPRX3
25758	KIAA1549L
143502	OR52I2
9793	CKAP5
81309	OR4C15
219988	PATL1
221092	HNRNPUL2
160762	CCDC63
23316	CUX2
79676	OGFOD2
53919	SLCO1C1
775	CACNA1C
9700	ESPL1
967	CD63
55002	TMCO3
3843	IPO5
6710	SPTB
9628	RGS6
8669	EIF3J
50506	DUOX2
653643	GOLGA6D
9640	ZNF592
55313	CPPED1
4775	NFATC3
23417	MLYCD
399687	TIAF1
388364	TMIGD1
115024	NT5C3B
2535	FZD2
284013	VMO1
8165	AKAP1
59344	ALOXE3
22878	TRAPPC8
22983	MAST1
51291	GMIP
7562	ZNF708
3991	LIPE
5676	PSG7
126205	NLRP8
388698	FLG2
127385	OR10J5
4660	PPP1R12B
93474	ZNF670
5928	RBBP4
1441	CSF3R
388579	TUBB8P11
6616	SNAP25
84969	TOX2
9962	SLC23A2
84515	MCM8
23236	PLCB1
9993	DGCR2
84700	MYO18B
64800	EFCAB6
445582	POTEE
130399	ACVR1C
841	CASP8
4133	MAP2
151295	SLC23A3
51078	THAP4
3032	HADHB
8884	SLC5A6
246243	RNASEH1
57142	RTN4
119	ADD2
27332	ZNF638
10777	ARPP21
54798	DCHS2
51166	AADAT
1259	CNGA1
389208	TMPRSS11F
26057	ANKRD17
2895	GRID2
56136	PCDHA13
2878	GPX3
3702	ITK
222698	NKAPL
717	C2
221400	TDRD6
112611	RWDD2A
28585	TRBV10-1
10457	GPNMB
23242	COBL
23167	EFR3A
78986	DUSP26
7633	ZNF79
6194	RPS6
1287	COL4A5
3423	IDS
158809	MAGEB6
58526	MID1IP1
139189	DGKK
10075	HUWE1
55906	ZC4H2
24137	KIF4A
55280	CWF19L1
10531	PITRM1
83552	MFRP
2965	GTF2H1
10059	DNM1L
57609	DIP2B
3223	HOXC6
8499	PPFIA2
4093	SMAD9
6751	SSTR1
400322	HERC2P2
161835	FSIP1
3706	ITPKA
9728	SECISBP2L
4644	MYO5A
83660	TLN2
368	ABCC6
23659	PLA2G15
2175	FANCA
5914	RARA
1659	DHX8
146956	EME1
57508	INTS2
7157	TP53
242	ALOX12B
8710	SERPINB7
100129842	ZNF737
64377	CHST8
1762	DMWD
126123	IZUMO2
10990	LILRB5
84922	FIZ1
162993	ZNF846
79961	DENND2D
163259	DENND2C
2330	FMO5
57402	S100A14
57710	KIAA1614
4139	MARK1
23436	CELA3B
3065	HDAC1
57648	KIAA1522
9204	ZMYM6
79699	ZYG11B
127428	TCEANC2
57708	MIER1
57727	NCOA5
84612	PARD6B
57473	ZNF512B
5651	TMPRSS15
94104	PAXBP1
8624	PSMG1
49854	ZBTB21
164656	TMPRSS6
26088	GGA1
57026	PDXP
90134	KCNH7
129401	NUP35
130535	KCTD18
7277	TUBA4A
1293	COL6A3
26160	IFT172
4190	MDH1
307	ANXA4
8853	ASAP2
23505	TMEM131
10721	POLQ
23122	CLASP2
25864	ABHD14A
2195	FAT1
54502	RBM47
166824	RASSF6
6932	TCF7
79770	TXNDC15
56102	PCDHGB3
23367	LARP1
27166	PRELID1
3575	IL7R
54505	DHX29
23398	PPWD1
84654	SPZ1
55084	SOBP
3097	HIVEP2
54535	CCHCR1
10447	FAM3C
135935	NOBOX
3110	MNX1
5683	PSMA2
10898	CPSF4
654463	FER1L6
7038	TG
4796	TONSL
10	NAT2
137695	TMEM68
26737	OR1L1
1056	CEL
3933	LCN1
57187	THOC2
83844	USP26
1244	ABCC2
7093	TLL2
6737	TRIM21
79339	OR51B4
283234	CCDC88B
8642	DCHS1
341152	OR2AT4
22822	PHLDA1
5048	PAFAH1B1
9862	MED24
6777	STAT5B
51009	DERL2
55808	ST6GALNAC1
2901	GRIK5
342945	ZSCAN22
2475	MTOR
1893	ECM1
22874	PLEKHA6
84196	USP48
9635	CLCA2
29775	CARD10
8398	PLA2G6
7456	WIPF1
8864	PER2
642273	FAM110C
91653	BOC
7220	TRPC1
83939	EIF2A
285382	C3orf70
3700	ITIH4
84109	QRFPR
2241	FER
56114	PCDHGA1
257218	SHPRH
286077	FAM83H
347127	SPATA31D5P
9500	MAGED1
11279	KLF8
51703	ACSL5
7439	BEST1
91683	SYT12
7761	ZNF214
80724	ACAD10
341640	FREM2
161394	SAMD15
463	ZFHX3
85445	CNTNAP4
59342	SCPEP1
54828	BCAS3
57602	USP36
10036	CHAF1A
54869	EPS8L1
80131	LRRC8E
55827	DCAF6
1580	CYP4B1
23576	DDAH1
55423	SIRPG
266747	RGL4
10109	ARPC2
63892	THADA
9378	NRXN1
50512	PODXL2
117248	GALNT15
151613	TTC14
84223	IQCG
2838	GPR15
7006	TEC
4488	MSX2
81792	ADAMTS12
80129	CCDC170
100287718	ANKRD66
5395	PMS2
1135	CHRNA2
83690	CRISPLD1
5998	RGS3
100313772	MIR548M
10529	NEBL
2074	ERCC6
221037	JMJD1C
9585	KIF20B
3832	KIF11
120406	NXPE2
493860	CCDC73
26338	OR5L2
3177	SLC29A2
144125	OR2AG1
10068	IL18BP
32	ACACB
89910	UBE3B
341359	SYT10
719	C3AR1
1638	DCT
28447	IGHV3-16
404785	POTEG
57820	CCNB1IP1
28671	TRAV13-1
58517	RBM25
79890	RIN3
79895	ATP8B4
3658	IREB2
4629	MYH11
91807	MYLK3
23322	RPGRIP1L
9611	NCOR1
91607	SLFN11
57125	PLXDC1
7283	TUBG1
162540	SPPL2C
3773	KCNJ16
80169	CTC1
54623	PAF1
342909	ZNF284
10780	ZNF234
56848	SPHK2
84258	SYT3
162963	ZNF610
653519	GPR89A
54964	C1orf56
115352	FCRL3
6402	SELL
7143	TNR
9015	TAF1A
27185	DISC1
84838	ZNF496
204	AK2
55706	NDC1
400759	GBP1P1
55614	KIF16B
128653	C20orf141
2686	GGT7
3692	EIF6
54014	BRWD1
5297	PI4KA
27124	INPP5J
10043	TOM1
9648	GCC2
27177	IL36B
9839	ZEB2
64135	IFIH1
129446	XIRP2
64859	NABP1
1286	COL4A4
26058	GIGYF2
57514	ARHGAP31
22820	COPG1
256076	COL6A5
23180	RFTN1
5290	PIK3CA
1974	EIF4A2
6047	RNF4
5981	RFC1
81608	FIP1L1
9662	CEP135
113510	HELQ
56131	PCDHB4
89848	FCHSD1
5097	PCDH1
1809	DPYSL3
79628	SH3TC2
23291	FBXW11
51301	GCNT4
9856	KIAA0319
6890	TAP1
1297	COL9A1
6671	SP4
8887	TAX1BP1
221937	FOXK1
7461	CLIP2
889	KRIT1
51666	ASB4
23039	XPO7
6383	SDC2
4957	ODF2
257019	FRMD3
1612	DAPK1
56647	BCCIP
23053	ZSWIM8
4837	NNMT
9645	MICAL2
5795	PTPRJ
51642	MRPL48
196472	FAM71C
9891	NUAK1
8531	YBX3
11226	GALNT6
715	C1R
55632	G2E3
56252	YLPM1
80031	SEMA6D
342035	GLDN
64506	CPEB1
84148	KAT8
6560	SLC12A4
1770	DNAH9
3996	LLGL1
85464	SSH2
146862	UNC45B
6360	CCL16
57636	ARHGAP23
7703	PCGF2
1236	CCR7
90799	CEP95
26040	SETBP1
2879	GPX4
23025	UNC13A
353088	ZNF429
51343	FZR1
53916	RAB4B
5673	PSG5
29128	UHRF1
1	A1BG
8394	PIP5K1A
6708	SPTA1
23013	SPEN
29937	NENF
51029	DESI2
343169	OR6F1
8317	CDC7
140732	SUN5
6493	SIM2
5316	PKNOX1
23076	RRP1B
2071	ERCC3
2820	GPD2
151050	KANSL1L
92691	TMEM169
23178	PASK
84272	YIPF4
80144	FRAS1
1456	CSNK1G3
347732	CATSPER3
26167	PCDHB5
2566	GABRG2
7957	EPM2A
3354	HTR1E
54476	RNF216
55253	TYW1
4176	MCM7
91782	CHMP7
10881	ACTL7A
10850	CCL27
54521	WDR44
768218	MIR766
2719	GPC3
7626	ZNF75D
139422	MAGEB10
7454	WAS
65267	WNK3
54821	ERCC6L
546	ATRX
79009	DDX50
8322	FZD4
160728	SLC5A8
65981	CAPRIN2
91	ACVR1B
3852	KRT5
121364	OR10A7
22864	R3HDM2
79866	BORA
2958	GTF2A2
11214	AKAP13
55028	C17orf80
55621	TRMT1
126541	OR10H4
27151	CPAMD8
7644	ZNF91
2997	GYS1
126868	MAB21L3
3608	ILF2
27097	TAF5L
7798	LUZP1
1573	CYP2J2
9139	CBFA2T2
6335	SCN9A
79840	NHEJ1
80309	SPHKAP
7881	KCNAB1
9175	MAP3K13
3913	LAMB2
22824	HSPA4L
4163	MCC
64848	YTHDC2
10605	PAIP1
140890	SREK1
4012	LNPEP
79632	FAM184A
6499	SKIV2L
4172	MCM3
25913	POT1
3757	KCNH2
340277	FAM221A
158399	ZNF483
7094	TLN1
79937	CNTNAP3
115426	UHRF2
1288	COL4A6
3547	IGSF1
8029	CUBN
51196	PLCE1
4925	NUCB2
57758	SCUBE2
2802	GOLGA3
51054	PLEKHA8P1
8798	DYRK4
22862	FNDC3A
57680	CHD8
9824	ARHGAP11A
7168	TPM1
290	ANPEP
4350	MPG
23019	CNOT1
497190	CLEC18B
5198	PFAS
58510	PRODH2
8556	CDC14A
677766	SCARNA2
9869	SETDB1
57549	IGSF9
656	BMP8B
79971	WLS
473	RERE
6714	SRC
112858	TP53RK
151556	GPR155
56171	DNAH7
388	RHOB
9540	TP53I3
54867	TMEM214
64770	CCDC14
25981	DNAH1
654254	ZNF732
54872	PIGG
56142	PCDHA6
22828	SCAF8
57492	ARID1B
203068	TUBB
222643	UNC5CL
55131	RBM28
23161	SNX13
1278	COL1A2
85444	LRRCC1
7410	VAV2
158326	FREM1
10488	CREB3
10367	MICU1
23235	SIK2
338699	ANKRD42
84233	TMEM126A
221154	MICU2
9445	ITM2B
51528	JKAMP
3728	JUP
23624	CBLC
388569	ZNF324B
80263	TRIM45
8751	ADAM15
63827	BCAN
23341	DNAJC16
57568	SIPA1L2
127544	RNF19B
1579	CYP4A11
9217	VAPB
637	BID
285195	SLC9A9
9861	PSMD6
51138	COPS4
2580	GAK
819	CAMLG
56097	PCDHGC5
9832	JAKMIP2
170690	ADAMTS16
23036	ZNF292
7455	ZAN
9031	BAZ1B
4781	NFIB
3897	L1CAM
23086	EXPH5
143903	LAYN
6833	ABCC8
847	CAT
23360	FNBP4
23193	GANAB
9376	SLC22A8
55107	ANO1
4135	MAP6
3356	HTR2A
55901	THSD1
10243	GPHN
5228	PGF
3175	ONECUT1
57407	NMRAL1
644139	PIRT
8639	AOC3
80174	DBF4B
1140	CHRNB1
247	ALOX15B
6093	ROCK1
84449	ZNF333
51079	NDUFA13
27181	SIGLEC8
91661	ZNF765
338321	NLRP9
201514	ZNF584
6566	SLC16A1
913	CD1E
1969	EPHA2
149041	RC3H1
10877	CFHR4
6726	SRP9
57829	ZP4
100527960	MROH7-TTC4
6146	RPL22
51375	SNX7
84905	ZNF341
9770	RASSF2
4661	MYT1
5332	PLCB4
128954	GAB4
54584	GNB1L
4627	MYH9
2192	FBLN1
85358	SHANK3
727851	RGPD8
9687	GREB1
7520	XRCC5
131873	COL6A6
4311	MME
10663	CXCR6
11162	NUDT6
79799	UGT2A3
685	BTC
3562	IL3
6879	TAF7
5521	PPP2R2B
2760	GM2A
5921	RASA1
84539	MCHR2
60468	BACH2
442582	STAG3L2
340359	KLHL38
57509	MTUS1
157807	CLVS1
51115	RMDN1
26301	GBGT1
389730	SPATA31A6
90167	FRMD7
80311	KLHL15
6251	RSU1
10580	SORBS1
29099	COMMD9
5426	POLE
694	BTG1
79544	OR4K1
145748	LYSMD4
23431	AP4E1
23312	DMXL2
10368	CACNG3
84166	NLRC5
314	AOC2
1213	CLTC
55036	CCDC40
5052	PRDX1
338094	FAM151A
23507	LRRC8B
81031	SLC2A10
7074	TIAM1
57466	SCAF4
7837	PXDN
57679	ALS2
114884	OSBPL10
93627	TBCK
291	SLC25A4
112574	SNX18
1393	CRHBP
85021	REPS1
221476	PI16
84626	KRBA1
29088	MRPL15
157922	CAMSAP1
8239	USP9X
4478	MSN
84632	AFAP1L2
8661	EIF3A
80351	TNKS2
9066	SYT7
8301	PICALM
55729	ATF7IP
9169	SCAF11
57522	SRGAP1
283537	SLC46A3
26153	KIF26A
28486	IGHD6-19
112487	DTD2
23002	DAAM1
366	AQP9
23162	MAPK8IP3
7284	TUFM
1339	COX6A2
147183	KRT25
3860	KRT13
1984	EIF5A
2866	GPR42
256236	NAPSB
126119	JOSD2
26121	PRPF31
81616	ACSBG2
9398	CD101
92342	METTL18
7175	TPR
5525	PPP2R5A
84065	TMEM222
128646	SIRPD
10137	RBM12
140902	R3HDML
8202	NCOA3
79954	NOL10
344558	SH3RF3
55339	WDR33
55777	MBD5
6323	SCN1A
6546	SLC8A1
23301	EHBP1
6565	SLC15A2
7029	TFDP2
79572	ATP13A3
1582	CYP8B1
788	SLC25A20
8821	INPP4B
57600	FNIP2
10720	UGT2B11
54436	SH3TC1
3937	LCP2
2502	FTH1P10
153129	SLC38A9
54898	ELOVL2
7402	UTRN
253714	MMS22L
100101267	POM121C
9258	MFHAS1
22954	TRIM32
7099	TLR4
4915	NTRK2
1756	DMD
7317	UBA1
1730	DIAPH2
22986	SORCS3
64421	DCLRE1C
89874	SLC25A21
4948	OCA2
54832	VPS13C
80179	MYO19
2354	FOSB
11024	LILRA1
89796	NAV1
824	CAPN2
205147	AMER3
1962	EHHADH
26032	SUSD5
51368	TEX264
55008	HERC6
2890	GRIA1
93979	CPA5
284	ANGPT1
55039	TRMT12
23064	SETX
118980	SFXN2
114815	SORCS1
83643	CCDC3
5526	PPP2R5B
143684	FAM76B
8435	SOAT2
1911	PHC1
8881	CDC16
161003	STOML3
317761	C14orf39
197131	UBR1
10260	DENND4A
54700	RRN3
1540	CYLD
79902	NUP85
5289	PIK3C3
6689	SPIB
2948	GSTM4
128346	C1orf162
388701	C1orf189
6390	SDHB
9068	ANGPTL1
85414	SLC45A3
128387	TATDN3
284656	EPHA10
6491	STIL
257194	NEGR1
6407	SEMG2
50861	STMN3
1859	DYRK1A
150160	CCT8L2
26122	EPC2
11069	RAPGEF4
8944	SNORD73A
5295	PIK3R1
55278	QRSL1
22999	RIMS1
2045	EPHA7
55904	KMT2E
84629	TNRC18
54467	ANKIB1
22853	LMTK2
7071	KLF10
27257	LSM1
1875	E2F5
114789	SLC25A25
81704	DOCK8
22869	ZNF510
26280	IL1RAPL2
282973	JAKMIP3
3434	IFIT1
4583	MUC2
374378	GALNT18
283284	IGSF22
710	SERPING1
3888	KRT82
4640	MYO1A
84125	LRRIQ1
23281	MTUS2
23047	PDS5B
22890	ZBTB1
1543	CYP1A1
55466	DNAJA4
51458	RHCG
84669	USP32
5430	POLR2A
146754	DNAH2
5184	PEPD
2068	ERCC2
125919	ZNF543
51129	ANGPTL4
94025	MUC16
149018	LELP1
3782	KCNN3
2326	FMO1
460	ASTN1
353238	PADI6
5132	PDC
84144	SYDE2
6406	SEMG1
10694	CCT8
2033	EP300
2487	FRZB
23314	SATB2
388951	TSPYL6
1496	CTNNA2
622	BDH1
10015	PDCD6IP
353274	ZNF445
4286	MITF
8492	PRSS12
987	LRBA
55300	PI4K2B
651	BMP3
56172	ANKH
345456	PFN3
5340	PLG
442186	OR2J3
26240	FAM50B
2050	EPHB4
28996	HIPK2
65999	LRRC61
51427	ZNF107
27445	PCLO
6575	SLC20A2
51050	PI15
23245	ASTN2
6136	RPL12
7569	ZNF182
338567	KCNK18
283092	OR4C13
51287	COA4
26005	C2CD3
2904	GRIN2B
10162	LPCAT3
9746	CLSTN3
283518	KCNRG
26534	OR10G2
80349	WDR61
146310	RNF151
5310	PKD1
84464	SLX4
197322	ACSF3
47	ACLY
9043	SPAG9
84735	CNDP1
58525	WIZ
162962	ZNF836
5546	PRCC
10766	TOB2
6305	SBF1
3417	IDH1
10887	PROKR1
165545	DQX1
166793	ZBTB49
56112	PCDHGA3
135152	B3GAT2
5782	PTPN12
1508	CTSB
5324	PLAG1
215	ABCD1
9126	SMC3
259217	HSPA12A
29974	A1CF
23522	KAT6B
55823	VPS11
219873	OR10S1
406	ARNTL
79733	E2F8
341019	DCDC1
6050	RNH1
2615	LRRC32
6157	RPL27A
219595	FOLH1B
1017	CDK2
6337	SCNN1A
10818	FRS2
57379	AICDA
1833	EPYC
6652	SORD
11173	ADAMTS7
91647	ATPAF2
27077	B9D1
57649	PHF12
4763	NF1
996	CDC27
8711	TNK1
85302	FBF1
27164	SALL3
574460	MIR498
5609	MAP2K7
10218	ANGPTL7
10745	PHTF1
476	ATP1A1
126767	AADACL3
343071	PRAMEF10
1510	CTSE
391190	OR2L8
127064	OR2T12
403239	OR2T27
23038	WDTC1
84970	C1orf94
3652	IPP
26038	CHD5
2023	ENO1
164045	HFM1
6628	SNRPB
57506	MAVS
5360	PLTP
81027	TUBB1
2591	GALNT3
253782	CERS6
51454	GULP1
54842	MFSD6
91526	ANKRD44
843	CASP10
26154	ABCA12
25992	SNED1
8648	NCOA1
9381	OTOF
30845	EHD3
729171	ANKRD20A8P
56910	STARD7
27333	GOLIM4
6336	SCN10A
4134	MAP4
7318	UBA7
3064	HTT
23001	WDFY3
57113	TRPC7
26999	CYFIP2
57222	ERGIC1
10814	CPLX2
79925	SPEF2
51426	POLK
26797	SNORD52
3326	HSP90AB1
26036	ZNF451
5172	SLC26A4
117	ADCYAP1R1
100533952	RBAK-RBAKDN
26100	WIPI2
113263	GLCCI1
9242	MSC
55342	STRBP
57720	GPR107
402381	SOHLH1
20	ABCA2
375704	ENHO
26033	ATRNL1
57512	GPR158
54788	DNAJB12
83860	TAF3
2894	GRID1
79849	PDZD3
26494	OR8G1
1479	CSTF3
338707	B4GALNT4
113157	RPLP0P2
10612	TRIM3
51585	PCF11
55359	STYK1
3709	ITPR2
5930	RBBP6
9726	ZNF646
79585	CORO7
4620	MYH2
9267	CYTH1
50509	COL5A3
3949	LDLR
84292	WDR83
23094	SIPA1L3
162966	ZNF600
2204	FCAR
51592	TRIM33
284729	ESPNP
1503	CTPS1
2139	EYA2
29781	NCAPH2
29841	GRHL1
80146	UXS1
375287	RBM43
5495	PPM1B
93082	NEURL3
9276	COPB2
5308	PITX2
10296	MAEA
9353	SLIT2
80273	GRPEL1
10973	ASCC3
9972	NUP153
80317	ZKSCAN3
1302	COL11A2
222950	NYAP1
9732	DOCK4
23165	NUP205
357	SHROOM2
6840	SVIL
23411	SIRT1
338322	NLRP10
60494	CCDC81
120863	DEPDC4
9612	NCOR2
949	SCARB1
266722	HS6ST3
57447	NDRG2
10965	ACOT2
2957	GTF2A1
4621	MYH3
2064	ERBB2
90007	MIDN
7392	USF2
339324	ZNF260
57716	PRX
2828	GPR4
85369	STRIP1
388662	SLC6A17
65123	INTS3
9095	TBX19
83479	DDX59
10440	TIMM17A
391195	OR2T33
29801	ZDHHC8
266629	SEC14L3
23761	PISD
10042	HMGXB4
9392	TGFBRAP1
57628	DPP10
57703	CWC22
4436	MSH2
51542	VPS54
23473	CAPN7
55830	GLT8D1
8641	PCDHGB4
92255	LMBRD2
25836	NIPBL
80006	TRAPPC13
11076	TPPP
57531	HACE1
3908	LAMA2
2037	EPB41L2
51660	MPC1
221336	BEND6
154288	KHDC3L
167691	LCA5
22797	TFEC
64224	HERPUD2
7589	ZSCAN21
23303	KIF13B
2260	FGFR1
5179	PENK
79752	ZFAND1
170261	ZCCHC12
79057	PRRG3
256714	MAP7D2
84636	GPR174
64429	ZDHHC6
116519	APOA5
399967	PATE2
219438	OR5D18
406967	MIR192
4647	MYO7A
60492	CCDC90B
54682	MANSC1
7316	UBC
341346	SMCO2
6539	SLC6A12
6540	SLC6A13
5693	PSMB5
91947	ARRDC4
29066	ZC3H7A
26156	RSL1D1
124245	ZC3H18
8735	MYH13
23666	UBBP4
10614	HEXIM1
92126	DSEL
148268	ZNF570
5680	PSG11
7771	ZNF112
9476	NAPSA
10382	TUBB4A
84467	FBN3
118424	UBE2J2
9554	SEC22B
57198	ATP8B2
3645	INSRR
11223	MST1L
79605	PGBD5
27245	AHDC1
7579	ZSCAN20
79830	ZMYM1
81025	GJA9
127396	ZNF684
149830	PRNT
5111	PCNA
54221	SNTG2
7447	VSNL1
10152	ABI2
846	CASR
54625	PARP14
27074	LAMP3
604	BCL6
84984	CEP19
8654	PDE5A
55294	FBXW7
51802	ASIC5
56884	FSTL5
645104	CLRN2
995	CDC25C
54882	ANKHD1
7204	TRIO
202151	RANBP3L
133558	MROH2B
6098	ROS1
345930	ECT2L
135250	RAET1E
167	CRISP1
57579	FAM135A
23595	ORC3
154790	CLEC2L
23608	MKRN1
8454	CUL1
222008	VSTM2A
5244	ABCB4
219578	ZNF804B
23471	TRAM1
26086	GPSM1
92949	ADAMTSL1
51280	GOLM1
60495	HPSE2
55717	WDR11
4321	MMP12
219429	OR4C11
219447	OR5AS1
27339	PRPF19
6175	RPLP0
338821	SLCO1B7
55711	FAR2
84872	ZC3H10
6778	STAT6
80184	CEP290
1983	EIF5
122525	C14orf28
79811	SLTM
5923	RASGRF1
1387	CREBBP
342618	SLFN14
23140	ZZEF1
9001	HAP1
84073	MYCBPAP
11325	DDX42
8943	AP3D1
126321	MFSD12
5817	PVR
3004	GZMM
54811	ZNF562
1301	COL11A1
11000	SLC27A3
142678	MIB2
3765	KCNJ9
55811	ADCY10
3914	LAMB3
2590	GALNT2
25949	SYF2
192670	AGO4
1266	CNN3
284759	SIRPB2
63977	PRDM15
27233	SULT1C4
54431	DNAJC10
9666	DZIP3
84666	RETNLB
5276	SERPINI2
10463	SLC30A9
1609	DGKQ
10902	BRD8
285641	SLC36A3
2264	FGFR4
3096	HIVEP1
10050	SLC17A4
9656	MDC1
79136	LY6G6E
401262	CRIP3
90693	CCDC126
221935	SDK1
107	ADCY1
340267	COL28A1
154661	RUNDC3B
137835	TMEM71
6770	STAR
79848	CSPP1
138805	OR13F1
26012	NSMF
6595	SMARCA2
64078	SLC28A3
2556	GABRA3
9185	REPS2
81887	LAS1L
54413	NLGN3
8513	LIPF
112817	HOGA1
89797	NAV2
23279	NUP160
283093	OR4C12
4035	LRP1
79611	ACSS3
55117	SLC6A15
7750	ZMYM2
643382	TMEM253
27030	MLH3
176	ACAN
2813	GP2
899	CCNF
94160	ABCC12
57215	THAP11
57555	NLGN2
4729	NDUFV2
3386	ICAM4
57153	SLC44A2
1777	DNASE2
126306	JSRP1
388536	ZNF790
91662	NLRP12
85376	RIMBP3
80067	DCAF17
2066	ERBB4
6868	ADAM17
3280	HES1
3660	IRF2
84448	ABLIM2
1495	CTNNA1
108	ADCY2
116369	SLC26A8
1129	CHRM2
64089	SNX16
23099	ZBTB43
84960	CCDC183
340562	SATL1
647135	SRGAP2B
375593	TRIM73
84795	PYROXD2
9644	SH3PXD2A
282996	RBM20
9712	USP6NL
118987	PDZD8
11164	NUDT5
5654	HTRA1
9184	BUB3
118856	MMP21
55844	PPP2R2D
8829	NRP1
83937	RASSF4
2662	GDF10
79861	TUBAL3
54522	ANKRD16
59	ACTA2
64318	NOC3L
56889	TM9SF3
9313	MMP20
54766	BTG4
283106	CSNK2A3
23621	BACE1
3145	HMBS
867	CBL
23650	TRIM29
2900	GRIK4
90952	ESAM
50863	NTM
22997	IGSF9B
3767	KCNJ11
10083	USH1C
340990	OTOG
11234	HPS5
7136	TNNI2
4046	LSP1
10077	TSPAN32
256144	OR4C3
79473	OR52N1
57661	PHRF1
220001	VWCE
79869	CPSF7
747	DAGLA
256364	EML3
83706	FERMT3
84304	NUDT22
55561	CDC42BPG
220359	TIGD3
10089	KCNK7
6494	SIPA1
5017	OVOL1
1521	CTSW
144132	DNHD1
10072	DPP3
9973	CCS
8590	OR6A2
7352	UCP3
220032	GDPD4
9866	TRIM66
7702	ZNF143
121551	BTBD11
217	ALDH2
5781	PTPN11
4940	OAS3
79039	DDX54
10993	SDS
23067	SETD1B
57605	PITPNM2
65985	AACS
8408	ULK1
83445	GSG1
55743	CHFR
2012	EMP1
51071	DERA
728858	C12orf71
51564	HDAC7
1280	COL2A1
10024	TROAP
57701	NCKAP5L
3875	KRT18
1975	EIF4B
11176	BAZ2A
4665	NAB2
116986	AGAP2
10102	TSFM
7450	VWF
9918	NCAPD2
1108	CHD4
171017	ZNF384
5830	PEX5
11103	KRR1
5074	PAWR
56899	ANKS1B
1282	COL4A1
1284	COL4A2
8874	ARHGEF7
65110	UPF3A
221178	SPATA13
222484	LNX2
26960	NBEA
23091	ZC3H13
79758	DHRS12
8796	SCEL
122060	SLAIN1
10858	CYP46A1
79446	WDR25
6037	RNASE3
55701	ARHGEF40
57096	RPGRIP1
55147	RBM23
9985	REC8
196883	ADCY4
11035	RIPK3
4776	NFATC4
23351	KHNYN
80224	NUBPL
11183	MAP4K5
57544	TXNDC16
3306	HSPA2
2353	FOS
29954	POMT2
55775	TDP1
64919	BCL11B
11261	CHP1
255189	PLA2G4F
53905	DUOX1
54982	CLN6
5315	PKM
10021	HCN4
80125	CCDC33
57188	ADAMTSL3
51335	NGRN
23336	SYNM
8912	CACNA1H
8938	BAIAP3
1186	CLCN7
9742	IFT140
10595	ERN2
27327	TNRC6A
10847	SRCAP
197358	NLRC3
51025	PAM16
9683	N4BP1
10300	KATNB1
3801	KIFC3
8824	CES2
653319	KIAA0895L
79767	ELMO3
25894	PLEKHG4
29800	ZDHHC1
5681	PSKH1
55794	DDX28
83693	HSDL1
9013	TAF1C
161931	ADAD2
23199	GSE1
84627	ZNF469
161882	ZFPM1
2588	GALNS
1013	CDH15
388336	SHISA6
9912	ARHGAP44
136	ADORA2B
201163	FLCN
218	ALDH3A1
5606	MAP2K3
4335	MNT
7448	VTN
163	AP2B1
93210	PGAP3
489	ATP2A3
84951	TNS4
3881	KRT31
3866	KRT15
672	BRCA1
3837	KPNB1
114881	OSBPL7
90507	SCRN2
9032	TM4SF5
1145	CHRNE
6198	RPS6KB1
1636	ACE
5705	PSMC5
9501	RPH3AL
162517	FBXO39
1856	DVL2
79142	PHF23
124599	CD300LB
57409	MIF4GD
3993	LLGL2
10610	ST6GALNAC2
9021	SOCS3
8535	CBX4
124565	SLC38A10
399512	SLC25A35
22899	ARHGEF15
147495	APCDD1
125336	LOXHD1
1630	DCC
5205	ATP8B1
79839	CCDC102B
55628	ZNF407
56342	PPAN
78992	YIPF2
4125	MAN2B1
773	CACNA1A
9524	TECR
390892	OR7A10
10270	AKAP8
79041	TMEM38A
83878	USHBP1
3718	JAK3
100302210	MIR1909
3727	JUND
10715	CERS1
53345	TM6SF2
7089	TLE2
10775	POP4
83636	C19orf12
84306	PDCD2L
6324	SCN1B
5349	FXYD3
163183	SYNE4
284403	WDR62
4145	MATK
57622	LRFN1
8857	FCGBP
90324	CCDC97
90273	CEACAM21
56006	SMG9
7596	ZNF45
64344	HIF3A
6543	SLC8A2
148022	TICAM1
3972	LHB
57479	PRR12
3661	IRF3
8174	MADCAM1
25888	ZNF473
2854	GPR32
574473	MIR520B
4849	CNOT3
11026	LILRA3
3809	KIR2DS4
5794	PTPRH
284418	FAM71E2
729956	SHISA7
89887	ZNF628
84914	ZNF587
9040	UBE2M
7593	MZF1
610	HCN2
23370	ARHGEF18
6813	STXBP2
256949	KANK3
5195	PEX14
2703	GJA8
9900	SV2A
11311	VPS45
149428	BNIPL
126638	RPTN
55154	MSTO1
375033	PEAR1
23065	EMC1
91156	IGFN1
59352	LGR6
254428	SLC41A1
23380	SRGAP2
3586	IL10
3339	HSPG2
79802	HHIPL2
163859	SDE2
6262	RYR2
6135	RPL11
55229	PANK4
80851	SH3BP5L
10163	WASF2
22826	DNAJC8
2035	EPB41
114784	CSMD2
9731	CEP104
991	CDC20
1802	DPH2
55966	AJAP1
200014	CC2D1B
1718	DHCR24
55277	FGGY
387509	GPR153
5236	PGM1
26155	NOC2L
55968	NSFL1C
343641	TGM6
9837	GINS1
28954	REM1
3055	HCK
171023	ASXL1
3704	ITPA
83959	SLC4A11
22913	RALY
6676	SPAG4
60436	TGIF2
55317	AP5S1
10616	RBCK1
64900	LPIN3
140730	RIMS4
3787	KCNS1
4773	NFATC2
7764	ZNF217
3911	LAMA5
57642	COL20A1
6725	SRMS
861	RUNX1
10281	DSCR4
1826	DSCAM
25825	BACE2
23275	POFUT2
80781	COL18A1
6545	SLC7A4
66035	SLC2A11
56241	SUSD2
440822	PIWIL3
23331	TTC28
164633	CABP7
5008	OSM
23598	PATZ1
253143	PRR14L
4689	NCF4
6753	SSTR3
23492	CBX7
8911	CACNA1I
10478	SLC25A17
80274	SCUBE1
9620	CELSR1
54456	MOV10L1
56666	PANX2
85378	TUBGCP6
7849	PAX8
79595	SAP130
3235	HOXD9
3231	HOXD1
389073	C2orf80
285175	UNC80
53632	PRKAG3
10669	CGREF1
7498	XDH
253635	GPATCH11
6654	SOS1
10736	SIX2
10097	ACTR2
7840	ALMS1
388963	C2orf81
7841	MOGS
10713	USP39
25885	POLR1A
55037	PTCD3
54910	SEMA4C
2932	GSK3B
111	ADCY5
8723	SNX4
9922	IQSEC1
23225	NUP210
7508	XPC
9819	TSC22D2
57709	SLC7A14
84002	B3GNT5
1181	CLCN2
64110	MAGEF1
23527	ACAP2
151651	EFHB
8850	KAT2B
6769	STAC
9943	OXSR1
93	ACVR2B
64147	KIF9
1294	COL7A1
1951	CELSR3
10180	RBM6
7086	TKT
7871	SLMAP
166336	PRICKLE2
151835	CPNE9
63924	CIDEC
132014	IL17RE
1062	CENPE
132430	PABPC4L
55534	MAML3
202018	TAPT1
2160	F11
339983	NAT8L
92689	FAM114A1
9508	ADAMTS3
57619	SHROOM3
2201	FBN2
5307	PITX1
56124	PCDHB12
340075	ARSI
11346	SYNPO
309	ANXA6
79930	DOK3
6940	ZNF354A
50805	IRX4
5734	PTGER4
10085	EDIL3
64780	MICAL1
4739	NEDD9
3298	HSF2
643854	CTAGE9
167826	OLIG3
729515	TMEM242
2762	GMDS
7913	DEK
255488	RNF144B
7124	TNF
80864	EGFL8
6046	BRD2
5190	PEX6
5754	PTK7
54676	GTPBP2
85315	PAQR8
9697	TRAM2
60481	ELOVL5
23376	UFL1
375616	KCP
136306	SVOPL
55750	AGK
3792	KEL
27153	ZNF777
4846	NOS3
11194	ABCB8
6522	SLC4A2
3200	HOXA3
165	AEBP1
2086	ERV3-1
5446	PON3
25851	TECPR1
406900	MIR106B
81501	DCSTAMP
6482	ST3GAL1
4062	LY6H
23513	SCRIB
340385	ZNF517
10174	SORBS3
54793	KCTD9
64641	EBF2
157489	SDAD1P1
55756	INTS9
8439	NSMAF
5150	PDE7A
4482	MSRA
7539	ZFP37
26190	FBXW2
2649	NR6A1
2022	ENG
10868	USP20
8939	FUBP3
642968	FAM163B
11091	WDR5
6621	SNAPC4
29882	ANAPC2
54586	EQTN
360	AQP3
9380	GRHPR
55312	RFK
1761	DMRT1
100529097	RPL36A-HNRNPH2
80161	ASMTL-AS1
3054	HCFC1
3654	IRAK1
6134	RPL10
257397	TAB3
7030	TFE3
10325	RRAGB
158586	ZXDB
4983	OPHN1
60626	RIC8A
114879	OSBPL5
5702	PSMC3
80168	MOGAT2
79050	NOC4L
146057	TTBK2
5579	PRKCB
246	ALOX15
57616	TSHZ3
4330	MN1
23177	CEP68
9934	P2RY14
23218	NBEAL2
51364	ZMYND10
80854	SETD7
5884	RAD17
26230	TIAM2
389383	CLPSL2
2740	GLP1R
10817	FRS3
6836	SURF4
9719	ADAMTSL2
253935	ANGPTL5
9854	C2CD2L
79832	QSER1
51074	APIP
8567	MADD
23788	MTCH2
219527	LRRC55
120793	OR56A4
23649	POLA2
79867	TCTN2
57666	FBRSL1
144245	ALG10B
50846	DHH
3071	NCKAP1L
939	CD27
2784	GNB3
2098	ESD
220108	FAM124A
64062	RBM26
5015	OTX2
23224	SYNE2
64864	RFX7
408050	NOMO3
3684	ITGAM
9706	ULK2
84961	FBXL20
2648	KAT2A
9520	NPEPPS
50488	MINK1
84268	RPAIN
8313	AXIN2
10349	ABCA10
23265	EXOC7
64693	CTAGE1
6860	SYT4
5874	RAB27B
25796	PGLS
84807	NFKBID
199720	GGN
271	AMPD2
400793	C1orf226
10216	PRG4
5284	PIGR
4751	NEK2
9453	GGPS1
4548	MTR
54955	C1orf109
114883	OSBPL9
3172	HNF4A
6450	SH3BGR
284904	SEC14L4
80830	APOL6
25809	TTLL1
3694	ITGB6
10010	TANK
65065	NBEAL1
7701	ZNF142
9320	TRIP12
57448	BIRC6
10153	CEBPZ
28902	IGKV1D-13
9669	EIF5B
54554	WDR5B
23350	U2SURP
1795	DOCK3
255743	NPNT
5910	RAP1GDS1
56147	PCDHA1
3340	NDST1
55568	GALNT10
1879	EBF1
4245	MGAT1
7936	NELFE
578	BAK1
2978	GUCA1A
112744	IL17F
23195	MDN1
9994	CASP8AP2
1811	SLC26A3
29062	WDR91
56829	ZC3HAV1
116988	AGAP3
10875	FGL2
7586	ZKSCAN1
137492	VPS37A
4023	LPL
3788	KCNS2
57864	SLC46A2
210	ALAD
94107	TMEM203
100131997	FAM27E3
54457	TAF7L
139065	SLITRK4
1774	DNASE1L1
3587	IL10RA
55231	CCDC87
84519	ACRBP
5994	RFXAP
145241	ADAM21P1
4053	LTBP2
23269	MGA
2013	EMP2
124997	WDR81
4077	NBR1
10900	RUNDC3A
3384	ICAM2
22904	SBNO2
126393	HSPB6
4294	MAP3K10
55655	NLRP2
126204	NLRP13
57530	CGN
6401	SELE
3075	CFH
116841	SNAP47
64388	GREM2
3716	JAK1
55240	STEAP3
50649	ARHGEF4
23040	MYT1L
92369	SPSB4
339829	CCDC39
285525	YIPF7
56606	SLC2A9
5066	PAM
11174	ADAMTS6
4988	OPRM1
7738	ZNF184
6048	RNF5
1832	DSP
26608	TBL2
26166	RGS22
22882	ZHX2
114822	RHPN1
23678	SGK3
8013	NR4A3
54830	NUP62CL
288	ANK3
26580	BSCL2
1740	DLG2
341676	NEK5
113146	AHNAK2
53981	CPSF2
7443	VRK1
2562	GABRB3
51234	EMC4
5699	PSMB10
8526	DGKE
8161	COIL
55520	ELAC1
28316	CDH20
7776	ZNF236
84079	ANKRD27
23217	ZFR2
3191	HNRNPL
284366	KLK9
9322	TRIP10
100529215	ZNF559-ZNF177
49860	CRNN
10446	LRRN2
1063	CENPF
55700	MAP7D1
112970	KTI12
55612	FERMT1
84619	ZGPAT
5211	PFKL
28830	IGLJ4
6328	SCN3A
54847	SIDT1
9515	STXBP5L
375337	TOPAZ1
200942	KLHDC8B
1605	DAG1
378	ARF4
402135	OR5K2
11107	PRDM5
11019	LIAS
55153	SDAD1
285513	GPRIN3
55374	TMCO6
54853	WDR55
1836	SLC26A2
11120	BTN2A1
1616	DAXX
6428	SRSF3
2056	EPO
402682	UFSP1
93664	CADPS2
767558	LUZP6
6873	TAF2
157697	ERICH1
389677	RBM12B
158135	TTLL11
2683	B4GALT1
139716	GAB3
7216	TRO
84171	LOXL4
27343	POLL
23082	PPRC1
340784	HMX3
55388	MCM10
56243	KIAA1217
253430	IPMK
7054	TH
159963	SLC5A12
55761	TTC17
282770	OR10AG1
219972	MPEG1
51524	TMEM138
89849	ATG16L2
8495	PPFIBP2
55576	STAB2
9921	RNF10
9735	KNTC1
22953	P2RX2
56890	MDM1
10284	SAP18
1997	ELF1
3503	IGHG4
440153	OR11H12
11198	SUPT16H
8906	AP1G2
51635	DHRS7
64207	IRF2BPL
727832	GOLGA6L6
9488	PIGB
100820829	MYZAP
6642	SNX1
10066	SCAMP2
3419	IDH3A
124411	ZNF720
342371	ATXN1L
4094	MAF
79066	METTL16
4356	MPP3
2811	GP1BA
23125	CAMTA2
4025	LPO
55181	SMG8
374819	LRRC37A3
125058	TBC1D16
5148	PDE6G
5187	PER1
5771	PTPN2
114799	ESCO1
55364	IMPACT
22850	ADNP2
125950	RAVER1
23309	SIN3B
163175	LGI4
374897	SBSN
7705	ZNF146
10945	KDELR1
10172	ZNF256
828	CAPS
56949	XAB2
84330	ZNF414
4893	NRAS
728833	FAM72D
8515	ITGA10
9181	ARHGEF2
63923	TNN
55920	RCC2
126859	AXDND1
9857	CEP350
2331	FMOD
284695	ZNF326
54487	DGCR8
4703	NEB
4148	MATN3
66008	TRAK2
54454	ATAD2B
22924	MAPRE3
23683	PRKD3
4144	MAT2A
5291	PIK3CB
57599	WDR48
9948	WDR1
55132	LARP1B
57484	RNF150
2891	GRIA2
83594	NUDT12
389337	ARHGEF37
57451	TENM2
9945	GFPT2
81786	TRIM7
1601	DAB2
115548	FCHO2
22987	SV2C
84085	FBXO30
57621	ZBTB2
387032	ZKSCAN4
6891	TAP2
1432	MAPK14
27232	GNMT
85015	USP45
830	CAPZA2
231	AKR1B1
673	BRAF
221833	SP8
358	AQP1
80820	EEPD1
51314	NME8
5243	ABCB1
252969	NEIL2
57623	ZFAT
1936	EEF1D
27158	NDOR1
5646	PRSS3
10280	SIGMAR1
259308	FAM205A
375743	PTAR1
389766	C9orf153
7512	XPNPEP2
51260	PBDC1
143879	KBTBD3
84447	SYVN1
283209	PGM2L1
54407	SLC38A2
3320	HSP90AA1
624	BDKRB2
4091	SMAD6
84282	RNF135
8731	RNMT
80032	ZNF556
593	BCKDHA
23271	CAMSAP2
127731	VWA5B1
22974	TPX2
54102	CLIC6
114793	FMNL2
150709	ANKAR
8324	FZD7
55252	ASXL2
9736	USP34
285148	IAH1
6498	SKIL
132204	SYNPR
670	BPHL
1303	COL12A1
55303	GIMAP4
301	ANXA1
79184	BRCC3
5422	POLA1
158724	FAM47A
441549	CDNF
53942	CNTN5
143503	OR51E1
120066	OR5P3
387837	CLEC12B
6667	SP1
84324	SARNP
5787	PTPRB
10129	FRY
23348	DOCK9
57538	ALPK3
84444	DOT1L
55900	ZNF302
57817	HAMP
284415	VSTM1
90485	ZNF835
10155	TRIM28
9129	PRPF3
79590	MRPL24
55616	ASAP3
56776	FMN2
257101	ZNF683
163782	KANK4
6574	SLC20A1
54520	CCDC93
339766	MROH2A
130162	CLHC1
5337	PLD1
255798	SMCO1
9039	UBA3
285679	C5orf60
373	TRIM23
4216	MAP3K4
64288	ZSCAN31
8662	EIF3B
55656	INTS8
55335	NIPSNAP3B
2564	GABRE
2157	F8
23560	GTPBP4
10482	NXF1
7481	WNT11
81846	SBF2
728568	C12orf73
51067	YARS2
4860	PNP
9321	TRIP11
23524	SRRM2
90506	LRRC46
10401	PIAS3
10067	SCAMP3
22802	CLCA4
24	ABCA4
468	ATF4
6775	STAT4
1261	CNGA3
285550	FAM200B
339977	LRRC66
22915	MMRN1
51265	CDKL3
735	C9
79772	MCTP1
154215	NKAIN2
5796	PTPRK
168544	ZNF467
8534	CHST1
9356	SLC22A6
55785	FGD6
3501	IGHG2
55333	SYNJ2BP
676	BRDT
8808	IL1RL2
150468	CKAP2L
11132	CAPN10
51095	TRNT1
6423	SFRP2
3912	LAMB1
26053	AUTS2
4791	NFKB2
7296	TXNRD1
4839	NOP2
479	ATP12A
2322	FLT3
92017	SNX29
283902	HCCAT5
2642	GCGR
79016	DDA1
7594	ZNF43
6626	SNRPA
81857	MED25
1855	DVL1
440561	PRAMEF6
10076	PTPRU
64789	EXO5
4664	NAB1
54464	XRN1
5274	SERPINI1
54790	TET2
6446	SGK1
9401	RECQL4
1620	BRINP1
203238	CCDC171
9373	PLAA
60343	FAM3A
10771	ZMYND11
644168	DRGX
92211	CDHR1
54536	EXOC6
83875	BCO2
10525	HYOU1
390264	OR10G4
4038	LRP4
283238	SLC22A24
10714	POLD3
11309	SLCO2B1
5153	PDE1B
9182	RASSF9
7174	TPP2
641455	POTEM
28684	TRAV8-2
5587	PRKD1
85439	STON2
23015	GOLGA8A
2200	FBN1
3835	KIF22
84440	RAB11FIP4
79893	GGNBP2
9110	MTMR4
56301	SLC7A10
284339	TMEM145
9266	CYTH2
115653	KIR3DL3
9361	LONP1
147694	ZNF548
79084	WDR77
28956	LAMTOR2
55672	NBPF1
51538	ZCCHC17
128710	SLX4IP
79175	ZNF343
129049	SGSM1
83933	HDAC10
471	ATIC
50618	ITSN2
152273	FGD5
5333	PLCD1
1950	EGF
79625	NDNF
1665	DHX15
134549	SHROOM1
56132	PCDHB3
133522	PPARGC1B
134510	UBLCP1
4064	CD180
133746	JMY
54806	AHI1
10786	SLC17A3
26047	CNTNAP2
3569	IL6
55638	SYBU
91694	LONRF1
55636	CHD7
80823	BHLHB9
25975	EGFL6
116442	RAB39B
79004	CUEDC2
10276	NET1
29119	CTNNA3
219539	YPEL4
6311	ATXN2
121665	SPPL3
65117	RSRC2
50614	GALNT9
3854	KRT6B
89795	NAV3
100126336	MIR208B
6938	TCF12
2184	FAH
4619	MYH1
352909	DNAAF3
6861	SYT5
125958	OR7D4
9334	B4GALT5
54033	RBM11
6549	SLC9A2
130507	UBR3
316	AOX1
11017	SNRNP27
10617	STAMBP
7401	CLRN1
286827	TRIM59
7323	UBE2D3
9061	PAPSS1
201799	TMEM154
1010	CDH12
55665	URGCP
57157	PHTF2
203447	NRK
331	XIAP
89801	PPP1R3F
26610	ELP4
3798	KIF5A
114798	SLITRK1
407975	MIR17HG
2567	GABRG3
85320	ABCC11
6898	TAT
1845	DUSP3
8425	LTBP4
83596	BCL2L12
5567	PRKACB
128821	CST9L
53833	IL20RB
306	ANXA3
2916	GRM6
50807	ASAP1
5339	PLEC
80036	TRPM3
54960	GEMIN8
6655	SOS2
9956	HS3ST2
114780	PKD1L2
2873	GPS1
65243	ZFP69B
8897	MTMR3
10290	SPEG
27302	BMP10
55033	FKBP14
5214	PFKP
2665	GDI2
143282	FGFBP3
23705	CADM1
57084	SLC17A6
390174	OR9G1
3619	INCENP
341208	HEPHL1
55703	POLR3B
4040	LRP6
6489	ST8SIA1
1272	CNTN1
5858	PZP
79587	CARS2
22795	NID2
283755	HERC2P3
57369	GJD2
6692	SPINT1
9333	TGM5
55784	MCTP2
5257	PHKB
7156	TOP3A
390792	KRT39
79877	DCAKD
29916	SNX11
3131	HLF
64978	MRPL38
11322	TMC6
10928	RALBP1
10535	RNASEH2A
390916	NUDT19
126374	WTIP
1954	MEGF8
126259	TMIGD2
26191	PTPN22
57115	PGLYRP4
23215	PRRC2C
2782	GNB1
58512	DLGAP3
128209	KLF17
199964	TMEM61
29929	ALG6
4987	OPRL1
89766	UMODL1
23209	MLC1
51281	ANKMY1
2859	GPR35
55133	SRBD1
8291	DYSF
400966	RGPD1
8997	KALRN
23129	PLXND1
30849	PIK3R4
1524	CX3CR1
51066	SSUH2
166378	SPATA5
55751	TMEM184C
92345	NAF1
1767	DNAH5
8871	SYNJ2
117289	TAGAP
84498	FAM120B
170679	PSORS1C1
26268	FBXO9
9162	DGKI
6718	AKR1D1
155038	GIMAP8
11281	POU6F2
9907	AP5Z1
10320	IKZF1
8321	FZD1
30816	ERVW-1
10734	STAG3
1306	COL15A1
5535	PPP3R2
1757	SARDH
22844	FRMPD1
4810	NHS
5256	PHKA2
11326	VSIG4
6572	SLC18A3
91801	ALKBH8
64137	ABCG4
219858	OR8B12
25921	ZDHHC5
55693	KDM4D
283420	CLEC9A
2054	STX2
121274	ZNF641
406973	MIR196A2
55832	CAND1
8445	DYRK2
23078	VWA8
8554	PIAS1
4122	MAN2A2
1107	CHD3
57455	REXO1
126432	RINL
7767	ZNF224
9310	ZNF235
574482	MIR520D
343450	KCNT2
55699	IARS2
9816	URB2
440585	FAM183A
6342	SCP2
9295	SRSF11
55144	LRRC8D
7813	EVI5
57186	RALGAPA2
9510	ADAMTS1
2130	EWSR1
11227	GALNT5
57405	SPC25
3655	ITGA6
54577	UGT1A7
10505	SEMA4F
80705	TSGA10
151871	DPPA2
2199	FBLN2
6474	SHOX2
152110	NEK10
5793	PTPRG
1501	CTNND2
25816	TNFAIP8
27125	AFF4
54545	MTMR12
3720	JARID2
3482	IGF2R
84691	FAM71F1
84433	CARD11
93035	PKHD1L1
9	NAT1
84376	HOOK3
94122	SYTL5
9282	MED14
4314	MMP3
54477	PLEKHA5
29767	TMOD2
114876	OSBPL1A
51295	ECSIT
57828	CATSPERG
400709	SIGLEC16
8744	TNFSF9
388697	HRNR
80232	WDR26
3899	AFF3
389072	PLEKHM3
5077	PAX3
9938	ARHGAP25
114885	OSBPL11
1295	COL8A1
56141	PCDHA7
57561	ARRDC3
221472	FGD2
51167	CYB5R4
377677	CA13
55998	NXF5
818	CAMK2G
1410	CRYAB
3784	KCNQ1
79797	ZNF408
10313	RTN3
84189	SLITRK6
2558	GABRA5
23339	VPS39
116179	TGM7
4123	MAN2C1
56155	TEX14
9969	MED13
3759	KCNJ2
162387	MFSD6L
361	AQP4
390980	ZNF805
845	CASQ2
8407	TAGLN2
26750	RPS6KC1
200150	PLD5
8790	FPGT
25939	SAMHD1
11054	OGFR
6598	SMARCB1
5163	PDK1
729475	RAD51AP2
26010	SPATS2L
57498	KIDINS220
64332	NFKBIZ
6476	SI
79960	JADE1
85480	TSLP
23092	ARHGAP26
1016	CDH18
29958	DMGDH
9038	TAAR5
54516	MTRF1L
117283	IP6K3
1523	CUX1
79974	CPED1
57639	CCDC146
23414	ZFPM2
2219	FCN1
340596	LHFPL1
23223	RRP12
7762	ZNF215
121256	TMEM132D
10445	MCRS1
5729	PTGDR
5826	ABCD4
80347	COASY
284391	ZNF844
80271	ITPKC
4924	NUCB1
83756	TAS1R3
1513	CTSK
386676	KRTAP10-9
84221	SPATC1L
22837	COBLL1
11280	SCN11A
133308	SLC9B2
132954	PDCL2
84674	CARD6
2030	SLC29A1
57505	AARS2
4885	NPTX2
85301	COL27A1
143162	FRMPD2
57646	USP28
7007	TECTA
5790	PTPRCAP
160364	CLEC12A
9671	WSCD2
10154	PLXNC1
80757	TMEM121
54930	HAUS4
57143	ADCK1
27004	TCL6
9720	CCDC144A
8780	RIOK3
5362	PLXNA2
55127	HEATR1
56063	TMEM234
92749	DRC1
6164	RPL34
81789	TIGD6
79908	BTNL8
22936	ELL2
116443	GRIN3A
9966	TNFSF15
123	PLIN2
54926	UBE2R2
154796	AMOT
3698	ITIH2
219952	OR6Q1
57410	SCYL1
25766	PRPF40B
4261	CIITA
6755	SSTR5
3594	IL12RB1
55095	SAMD4B
478	ATP1A3
6097	RORC
714	C1QC
50651	SLC45A1
117532	TMC2
84164	ASCC2
114794	ELFN2
2976	GTF3C2
389151	PRR23B
213	ALB
96459	FNIP1
56100	PCDHGB6
253769	WDR27
135228	CD109
91584	PLXNA4
55698	RADIL
27297	CRCP
9684	LRRC14
643224	TUBBP5
79886	CAAP1
57453	DSCAML1
91614	DEPDC7
338751	OR52L1
79026	AHNAK
3891	KRT85
23026	MYO16
4149	MAX
4591	TRIM37
914	CD2
405	ARNT
4332	MNDA
4811	NID1
10079	ATP9A
25797	QPCT
57162	PELI1
339122	RAB43
23243	ANKRD28
7037	TFRC
116984	ARAP2
6558	SLC12A2
9118	INA
23232	TBC1D12
118813	ZFYVE27
3746	KCNC1
10235	RASGRP2
26579	MYEOV
51350	KRT76
3851	KRT4
11016	ATF7
11260	XPOT
29953	TRHDE
390443	RNASE9
6235	RPS29
9787	DLGAP5
27079	RPUSD2
64782	AEN
730092	RRN3P1
23035	PHLPP2
80725	SRCIN1
51096	UTP18
284129	SLC26A11
3000	GUCY2D
23581	CASP14
6261	RYR1
9230	RAB11B
23623	RUSC1
360023	ZBTB41
84919	PPP1R15B
3707	ITPKB
9202	ZMYM4
9967	THRAP3
9371	KIF3B
114790	STK11IP
54575	UGT1A10
131450	CD200R1
10274	STAG1
590	BCHE
9718	ECE2
3680	ITGA9
10111	RAD50
56129	PCDHB7
353091	RAET1G
23345	SYNE1
9096	TBX18
442721	LMOD2
23333	DPY19L1
54468	MIOS
157680	VPS13B
1585	CYP11B2
4507	MTAP
84679	SLC9A7
22984	PDCD11
120	ADD3
196792	FAM24B
55691	FRMD4A
783	CACNB2
282966	C10orf53
55753	OGDHL
3559	IL2RA
347731	LRRTM3
23185	LARP4B
1557	CYP2C19
4588	MUC6
837	CASP4
390265	OR10G7
57689	LRRC4C
119774	OR52K2
4607	MYBPC3
119679	OR52J3
390148	OR5W2
219453	OR8K5
390155	OR5T1
219473	OR8K3
445372	TRIM6-TRIM34
219487	OR5M11
187	APLNR
441608	OR5B3
9404	LPXN
931	MS4A1
10589	DRAP1
10992	SF3B2
266743	NPAS4
22941	SHANK2
5138	PDE2A
9789	SPCS2
6888	TALDO1
54843	SYTL2
2915	GRM5
246213	SLC17A8
6404	SELPLG
51347	TAOK3
51433	ANAPC5
51202	DDX47
5901	RAN
3845	KRAS
113251	LARP4
319101	KRT73
2799	GNS
11052	CPSF6
283310	OTOGL
55591	VEZT
5250	SLC25A3
23263	MCF2L
10631	POSTN
8600	TNFSF11
10161	LPAR6
10562	OLFM4
81550	TDRD3
64881	PCDH20
22894	DIS3
337867	UBAC2
768222	MIR770
390439	OR11G2
23256	SCFD1
64067	NPAS3
145581	LRFN5
5732	PTGER2
5494	PPM1A
26037	SIPA1L1
123036	TC2N
23742	NPAP1
3067	HDC
2553	GABPB1
4916	NTRK3
56964	WDR93
8399	PLA2G10
23049	SMG1
146183	OTOA
91949	COG7
55114	ARHGAP17
246778	IL27
6299	SALL1
4313	MMP2
583	BBS2
1459	CSNK2A2
100130958	SYCE1L
11105	PRDM7
4622	MYH4
2314	FLII
3883	KRT33A
10951	CBX1
8405	SPOP
63897	HEATR6
10238	DCAF7
1444	CSHL1
1655	DDX5
10871	CD300C
51081	MRPS7
9775	EIF4A3
374860	ANKRD30B
1825	DSC3
57565	KLHL14
115701	ALPK2
89778	SERPINB11
25914	RTTN
81832	NETO1
79863	RBFA
201475	RAB12
90592	ZNF700
5886	RAD23A
81931	ZNF93
163223	ZNF676
7652	ZNF99
374900	ZNF568
5675	PSG6
5672	PSG4
83639	TEX101
7673	ZNF222
26974	ZNF285
125931	CEACAM20
3270	HRC
53635	PTOV1
5582	PRKCG
204801	NLRP11
147945	NLRP4
1820	ARID3A
280	AMY2B
10717	AP4B1
26227	PHGDH
400735	PRAMEF4
2702	GJA5
391109	OR10K1
92241	RCSD1
23400	ATP13A2
126917	IFFO2
57576	KIF17
9926	LPGAT1
25782	RAB3GAP2
339501	PRSS38
128025	WDR64
58985	IL22RA1
81472	OR2C3
343170	OR14K1
26188	OR1C1
343171	OR2W3
2268	FGR
1307	COL16A1
51060	TXNDC12
7804	LRP8
3725	JUN
204962	SLC44A5
26289	AK5
8863	PER3
2672	GFI1
10326	SIRPB1
5834	PYGB
57593	EBF4
245929	DEFB115
3929	LBP
57148	RALGAPB
80025	PANK2
10110	SGK2
4605	MYBL2
8480	RAE1
149986	LSM14B
8204	NRIP1
4685	NCAM2
116159	CYYR1
337879	KRTAP8-1
23515	MORC3
7226	TRPM2
27443	CECR2
693233	MIR648
23544	SEZ6L
4771	NF2
339665	SLC35E4
3754	KCNF1
92	ACVR2A
91752	ZNF804A
33	ACADL
1373	CPS1
79582	SPAG16
130560	SPATA3
9470	EIF4E2
64838	FNDC4
4052	LTBP1
151393	RMDN2
64895	PAPOLG
5013	OTX1
130951	M1AP
28923	IGKV2-24
28869	IGKV6D-41
28876	IGKV3D-11
400986	ANKRD36C
344807	CD200R1L
7634	ZNF80
7348	UPK1B
51365	PLA1A
165829	GPR156
3081	HGD
3693	ITGB5
151790	WDR49
51193	ZNF639
55689	YEATS2
1981	EIF4G1
131096	KCNH8
7155	TOP2B
5745	PTH1R
23166	STAB1
100131827	ZNF717
6091	ROBO1
2042	EPHA3
285220	EPHA6
85460	ZNF518B
84162	KIAA1109
4086	SMAD1
4306	NR3C2
255403	ZNF718
132851	SPATA4
2555	GABRA2
5156	PDGFRA
2044	EPHA5
173	AFM
152926	PPM1K
8916	HERC3
83853	ROPN1L
51735	RAPGEF6
56145	PCDHA3
56133	PCDHB2
6531	SLC6A3
22993	HMGXB3
26762	HAVCR1
153745	FAM71B
23120	ATP10B
2554	GABRA1
202134	FAM153B
114787	GPRIN1
285596	FAM153A
56979	PRDM9
1007	CDH9
133584	EGFLAM
11082	ESM1
166979	CDC20B
55814	BDP1
64283	ARHGEF28
10788	IQGAP2
2150	F2RL1
55109	AGGF1
2898	GRIK2
10758	TRAF3IP2
3910	LAMA4
2173	FABP7
387357	THEMIS
5169	ENPP3
79747	ADGB
84624	FNDC1
401285	TCP10L2
266727	MDGA1
1769	DNAH8
285782	CAGE1
7162	TPBG
136227	COL26A1
222235	FBXL13
168451	THAP5
8972	MGAM
28592	TRBV7-6
28560	TRBV27
28558	TRBV29-1
6009	RHEB
3361	HTR5A
9690	UBE3C
29887	SNX10
63974	NEUROD6
90827	ZNF479
84277	DNAJC30
2770	GNAI1
5885	RAD21
2131	EXT1
93594	TBC1D31
8629	JRK
9172	MYOM2
7976	FZD3
3084	NRG1
9420	CYP7B1
138046	RALYL
4147	MATN2
138804	OR13C4
55755	CDK5RAP2
5742	PTGS1
57582	KCNT1
7010	TEK
138474	TAF1L
730112	FAM166B
1211	CLTA
55035	NOL8
90843	TCEAL8
10495	ENOX2
158763	ARHGAP36
55511	SAGE1
9367	RAB9A
2258	FGF13
4168	MCF2
441525	SPANXN4
55344	PLCXD1
347404	LANCL3
64840	PORCN
7355	SLC35A2
9452	ITM2A
57526	PCDH19
94121	SYTL4
119682	OR51L1
390079	OR52E8
55611	OTUB1
81029	WNT5B
636	BICD1
6541	SLC7A1
28445	IGHV3-20
79882	ZC3H14
3566	IL4R
6799	SULT1A2
9094	UNC119
25941	TPGS2
7695	ZNF136
7170	TPM3
26133	TRPC4AP
344561	GPR148
375316	RBM44
344901	OSTN
135948	OR2F2
138802	OR13C8
79836	LONRF3
2332	FMR1
4204	MECP2
10742	RAI2
778	CACNA1F
8852	AKAP4
8729	GBF1
374355	CCDC172
4288	MKI67
219793	TBATA
5318	PKP2
160851	DGKH
84193	SETD3
146050	ZSCAN29
26263	FBXO22
49855	SCAPER
342372	PKD1L3
27120	DKKL1
5655	KLK10
84266	ALKBH7
127262	TPRG1L
79913	ACTR5
56261	GPCPD1
6942	TCF20
64090	GAL3ST2
6711	SPTBN1
64969	MRPS5
64151	NCAPG
133491	C5orf47
1388	ATF6B
1310	COL19A1
83992	CTTNBP2
9723	SEMA3E
7306	TYRP1
286256	LCN12
4115	MAGEB4
7544	ZFY
219681	ARMC3
7570	ZNF22
51806	CALML5
51008	ASCC1
1656	DDX6
390154	OR5T3
4544	MTNR1B
2972	BRF1
80344	DCAF11
25989	ULK3
6341	SCO1
8688	KRT37
9343	EFTUD2
146849	CCDC42
10437	IFI30
93436	ARMC6
898	CCNE1
84775	ZNF607
11027	LILRA2
126206	NLRP5
23126	POGZ
55249	YY1AP1
164118	TTC24
1650	DDOST
79654	HECTD3
51086	TNNI3K
4867	NPHP1
56300	IL36G
11320	MGAT4A
84541	KBTBD8
2850	GPR27
23173	METAP1
100873948	NREP-AS1
10915	TCERG1
5618	PRLR
153364	MBLAC2
6908	TBP
6954	TCP11
53405	CLIC5
2940	GSTA3
8805	TRIM24
79783	SUGCT
105375355	UPK3B
5189	PEX1
221786	FAM200A
2039	DMTN
23196	FAM120A
9823	ARMCX2
9947	MAGEC1
4103	MAGEA4
4109	MAGEA10
4128	MAOA
9203	ZMYM3
140886	PABPC5
29935	RPA4
29982	NRBF2
55118	CRTAC1
401665	OR51T1
10249	GLYAT
245802	MS4A6E
9219	MTA2
9379	NRXN2
23074	UHRF1BP1L
51559	NT5DC3
6249	CLIP1
9026	HIP1R
6660	SOX5
90627	STARD13
10910	SUGT1
28395	IGHV4-34
390429	OR4N2
51016	EMC9
55030	FBXO34
100287399	POTEB2
51203	NUSAP1
10099	TSPAN3
8479	HIRIP3
83752	LONP2
283848	CES4A
164	AP1G1
100141515	C17orf99
84034	EMILIN2
1786	DNMT1
7757	ZNF208
148198	ZNF98
83743	GRWD1
160	AP2A1
11006	LILRB4
27300	ZNF544
85509	MBD3L1
9122	SLC16A4
117143	TADA1
388743	CAPN8
83932	SPRTN
26824	RNU11
255631	COL24A1
10564	ARFGEF2
6326	SCN2A
57520	HECW2
8837	CFLAR
4691	NCL
54978	SLC35F6
90957	DHX57
80204	FBXO11
10678	B3GNT2
503582	ARGFX
2804	GOLGB1
4638	MYLK
27032	ATP2C1
64805	P2RY12
285386	TPRG1
100526693	ARPC4-TTLL3
285527	FRYL
3791	KDR
5978	REST
94031	HTRA3
337876	CHSY3
51294	PCDH12
1436	CSF1R
64324	NSD1
84135	UTP15
5577	PRKAR2B
54556	ING3
64101	LRRC4
23534	TNPO3
26031	OSBPL3
64983	MRPL32
169044	COL22A1
63978	PRDM14
10592	SMC2
90865	IL33
340554	ZC3H12B
1046	CDX4
7404	UTY
219432	OR4C6
5837	PYGM
54434	SSH1
5544	PRB3
160518	DENND5B
144165	PRICKLE1
26524	LATS2
51761	ATP8A2
29079	MED4
394	ARHGAP5
161357	MDGA2
29109	FHOD1
6470	SHMT1
22806	IKZF3
6521	SLC4A1
124538	OR4D2
54549	SDK2
6925	TCF4
5296	PIK3R2
6141	RPL18
7565	ZNF17
10628	TXNIP
148870	CCDC27
1312	COMT
10521	DDX17
150356	CHADL
4249	MGAT5
1195	CLK1
692058	SNORD11
11235	PDCD10
152206	CCDC13
2912	GRM2
57182	ANKRD50
4750	NEK1
29945	ANAPC4
419	ART3
55589	BMP2K
10827	FAM114A2
3459	IFNGR1
730130	TMEM229A
51251	NT5C3A
286046	XKR6
79075	DSCC1
6101	RP1
171482	FAM9A
3422	IDI1
57705	WDFY4
79659	DYNC2H1
143662	MUC15
8525	DGKZ
5977	DPF2
10888	GPR83
55716	LMBR1L
3164	NR4A1
144195	SLC2A14
7181	NR2C1
55795	PCID2
91828	EXOC3L4
5687	PSMA6
91754	NEK9
390648	OR4F6
5330	PLCB2
780776	TVP23A
23475	QPRT
22928	SEPHS2
78994	PRR14
79190	IRX6
80004	ESRP2
55783	CMTR2
10594	PRPF8
125206	SLC5A10
8148	TAF15
79089	TMUB2
7775	ZNF232
5881	RAC3
5271	SERPINB8
90576	ZNF799
376497	SLC27A1
5143	PDE4C
342892	ZNF850
3036	HAS1
84722	PSRC1
4853	NOTCH2
57459	GATAD2B
148932	MOB3C
5876	RABGGTB
64412	GZF1
81572	PDRG1
51378	ANGPT4
8888	MCM3AP
3560	IL2RB
644186	SYCE3
51455	REV1
6344	SCTR
29994	BAZ2B
8647	ABCB11
57695	USP37
64320	RNF25
109	ADCY3
285268	ZNF621
23216	TBC1D1
60558	GUF1
253017	TECRL
56130	PCDHB6
3572	IL6ST
168090	C6orf118
340205	TREML1
347734	SLC35B2
800	CALD1
1180	CLCN1
285877	POM121L12
26986	PABPC1
84875	PARP10
23446	SLC44A1
10783	NEK6
29941	PKN3
9414	TJP2
51322	WAC
266971	PIPSL
916	CD3E
192134	B3GNT6
5025	P2RX4
84216	TMEM117
338785	KRT79
283337	ZNF740
122706	PSMB11
161742	SPRED1
79719	AAGAB
145814	PGPEP1L
23361	ZNF629
390748	PABPN1L
374786	EFCAB5
31	ACACA
6426	SRSF1
9817	KEAP1
5566	PRKACA
148229	ATP8B3
284525	SLC9C2
6041	RNASEL
5929	RBBP5
722	C4BPA
148641	SLC35F3
56181	MTFR1L
9528	TMEM59
343099	CCDC18
84181	CHD6
128553	TSHZ2
7179	TPTE
728233	PI4KAP1
91179	SCARF2
728378	POTEF
100874399	IMPDH1P10
80704	SLC19A3
57217	TTC7A
129293	TRABD2A
64747	MFSD1
91050	CCDC149
55203	LGI2
27039	PKD2L2
6550	SLC9A3
84246	MED10
202333	CMYA5
9896	FIG4
9287	TAAR2
4217	MAP3K5
154197	PNLDC1
2939	GSTA2
23469	PHF3
375611	SLC26A5
9569	GTF2IRD1
57414	RHBDD2
29028	ATAD2
10397	NDRG1
51305	KCNK9
57715	SEMA4G
22852	ANKRD26
7581	ZNF33A
80760	ITIH5
53354	PANK1
9044	BTAF1
390038	OR51D1
283316	CD163L1
9895	TECPR2
5479	PPIB
342125	TMC3
9020	MAP3K14
55273	TMEM100
84461	NEURL4
100529855	ZNF625-ZNF20
126295	ZNF57
374899	ZNF829
9860	LRIG2
9826	ARHGEF11
8880	FUBP1
7049	TGFBR3
55041	PLEKHB2
23451	SF3B1
248	ALPI
28901	IGKV1D-16
131405	TRIM71
259282	BOD1L1
23231	SEL1L3
3516	RBPJ
152831	KLB
115827	RAB3C
10412	NSA2
11231	SEC63
63943	FKBPL
25821	MTO1
3199	HOXA2
54441	STAG3L1
2218	FKTN
4712	NDUFB6
169841	ZNF169
5030	P2RY4
1538	CYLC1
387646	LRRC37A6P
55346	TCP11L1
4928	NUP98
4722	NDUFS3
85478	CCDC65
51084	CRYL1
60677	CELF6
6296	ACSM3
84706	GPT2
79959	CEP76
6760	SS18
51046	ST8SIA3
6272	SORT1
51179	HAO2
9722	NOS1AP
2327	FMO2
128674	PROKR2
6526	SLC5A3
11138	TBC1D8
23518	R3HDM1
10058	ABCB6
23233	EXOC6B
84865	CCDC142
57730	ANKRD36B
4026	LPP
205564	SENP5
642987	TMEM232
9627	SNCAIP
11063	SOX30
135112	NCOA7
7422	VEGFA
28969	BZW2
9791	PTDSS1
23424	TDRD7
3371	TNC
8777	MPDZ
10210	TOPORS
220869	CBWD5
84267	C9orf64
10813	UTP14A
80258	EFHC2
158584	FAAH2
2572	GAD2
5002	SLC22A18
144404	TMEM120B
3742	KCNA6
140801	RPL10L
57519	STARD9
54822	TRPM7
123624	AGBL1
7026	NR2F2
64285	RHBDF1
283867	LINC00922
93107	KCNG4
654346	LGALS9C
409	ARRB2
4645	MYO5B
4650	MYO9B
270	AMPD1
3155	HMGCL
255231	MCOLN2
51098	IFT52
5334	PLCL1
344167	FOXI3
11073	TOPBP1
9693	RAPGEF2
55601	DDX60
285676	ZNF454
7280	TUBB2A
442213	PTCHD4
3617	IMPG1
4189	DNAJB9
51530	ZC3HC1
4223	MEOX2
5425	POLD2
136288	C7orf57
2913	GRM3
19	ABCA1
64420	SUSD1
5727	PTCH1
2187	FANCB
286514	MAGEB18
57477	SHROOM4
57692	MAGEE1
53904	MYO3A
440068	CARD17
9183	ZW10
387775	SLC22A10
25824	PRDX5
79887	PLBD1
84318	CCDC77
121391	KRT74
54458	PRR13
23041	MON2
4815	NINJ2
144568	A2ML1
4048	LTA4H
79774	GRTP1
9112	MTA1
4624	MYH6
4990	SIX6
957	ENTPD5
5685	PSMA4
9055	PRC1
54920	DUS2
9487	PIGL
7067	THRA
6774	STAT3
752	FMNL1
201191	SAMD14
2186	BPTF
80816	ASXL3
56853	CELF4
6511	SLC1A6
10523	CHERP
58492	ZNF77
23636	NUP62
51150	SDF4
55187	VPS13D
51018	RRP15
55061	SUSD4
113452	TMEM54
26523	AGO1
5792	PTPRF
10528	NOP56
1789	DNMT3B
84557	MAP1LC3A
6614	SIGLEC1
140679	SLC32A1
10139	ARFRP1
386672	KRTAP10-4
25793	FBXO7
80731	THSD7B
7035	TFPI
84696	ABHD1
22934	RPIA
151963	MB21D2
132320	SCLT1
1998	ELF2
952	CD38
574537	UGT2A2
55322	C5orf22
64087	MCCC2
10345	TRDN
55862	ECHDC1
63971	KIF13A
23787	MTCH1
9311	ASIC3
3638	INSIG1
10392	NOD1
9863	MAGI2
203062	TSNARE1
83481	EPPK1
8694	DGAT1
169355	IDO2
286	ANK1
6709	SPTAN1
55684	RABL6
11253	MAN1B1
80010	RMI1
10013	HDAC6
3983	ABLIM1
25841	ABTB2
283297	OR10A4
283446	MYO1H
11213	IRAK3
29880	ALG5
9677	PPIP5K1
56965	PARP6
123879	DCUN1D3
54947	LPCAT2
57610	RANBP10
8787	RGS9
25926	NOL11
55062	WIPI1
283989	TSEN54
51	ACOX1
26538	OR10H2
51298	THEG
208	AKT2
1553	CYP2A13
354	KLK3
126353	MISP
3284	HSD3B2
11022	TDRKH
5335	PLCG1
26039	SS18L1
140700	SAMD10
874	CBR3
51594	NBAS
57683	ZDBF2
151507	MSL3P1
27247	NFU1
23355	VPS8
79714	CCDC51
58505	OSTC
64579	NDST4
23321	TRIM2
83891	SNX25
202243	CCDC125
9678	PHF14
2051	EPHB6
6604	SMARCD3
10142	AKAP9
9312	KCNB2
7111	TMOD1
2800	GOLGA1
2189	FANCG
152006	RNF38
26953	RANBP6
1515	CTSV
7543	ZFX
139324	HDX
55749	CCAR1
4745	NELL1
256892	OR51F1
4296	MAP3K11
78999	LRFN4
25875	LETMD1
57626	KLHL1
9961	MVP
4210	MEFV
57546	PDP2
51388	NIP7
220594	USP32P2
433	ASGR2
1455	CSNK1G2
1760	DMPK
147657	ZNF480
257106	ARHGAP30
6900	CNTN2
84976	DISP1
29920	PYCR2
10969	EBNA1BP2
5000	ORC4
170506	DHX36
344905	ATP13A5
152877	FAM53A
8602	NOP14
7015	TERT
23305	ACSL6
9708	PCDHGA8
54439	RBM27
5799	PTPRN2
137735	ABRA
157855	KCNU1
7248	TSC1
85450	ITPRIP
374354	NHLRC2
254427	PROSER2
5033	P4HA1
887	CCKBR
23378	RRP8
9904	RBM19
22877	MLXIP
80070	ADAMTS20
57458	TMCC3
59277	NTN4
5101	PCDH9
115207	KCTD12
3495	IGHD
9517	SPTLC2
57617	VPS18
283748	PLA2G4D
3073	HEXA
84256	FLYWCH1
4995	OR3A2
645688	RPL12P38
71	ACTG1
100129543	ZNF730
2077	ERF
284369	SIGLECL1
607	BCL9
654790	PCP4L1
7159	TP53BP2
4919	ROR1
64849	SLC13A3
140685	ZBTB46
11274	USP18
5594	MAPK1
6663	SOX10
6332	SCN7A
170850	KCNG3
22848	AAK1
550	AUP1
3059	HCLS1
116931	MED12L
54986	ULK4
10417	SPON2
9871	SEC24D
6583	SLC22A4
8382	NME5
10569	SLU7
11282	MGAT4B
9439	MED23
57224	NHSL1
26054	SENP6
4897	NRCAM
90956	ADCK2
55975	KLHL7
11064	CNTRL
1514	CTSL
10943	MSL3
4952	OCRL
27328	PCDH11X
54764	ZRANB1
414189	AGAP6
23234	DNAJC9
55188	RIC8B
27198	HCAR1
6347	CCL2
990	CDC6
284207	METRNL
6929	TCF3
10054	UBA2
5739	PTGIR
57662	CAMSAP3
83416	FCRL5
6432	SRSF7
55602	CDKN2AIP
133060	OTOP1
152579	SCFD2
3841	KPNA5
81797	OR12D3
10466	COG5
441234	ZNF716
84681	HINT2
389840	MAP3K15
4129	MAOB
84889	SLC7A3
119559	SFXN4
79812	MMRN2
60496	AASDHPPT
3948	LDHC
114571	SLC22A9
59341	TRPV4
84650	EBPL
84684	INSM2
10484	SEC23A
8681	JMJD7-PLA2G4B
84978	FRMD5
56906	THAP10
3603	IL16
91433	RCCD1
11273	ATXN2L
79077	DCTPP1
80777	CYB5B
89941	RHOT2
1352	COX10
83547	RILP
10493	VAT1
10351	ABCA8
125488	TTC39C
1000	CDH2
10347	ABCA7
5141	PDE4A
126382	NR2C2AP
57655	GRAMD1A
1048	CEACAM5
57664	PLEKHA4
7059	THBS3
3918	LAMC2
25973	PARS2
27329	ANGPTL3
128869	PIGU
6767	ST13
79924	ADM2
79876	UBA5
9779	TBC1D5
26998	FETUB
54876	DCAF16
55728	N4BP2
51191	HERC5
23	ABCF1
7629	ZNF76
55776	SAYSD1
89845	ABCC10
5294	PIK3CG
80028	FBXL18
83650	SLC35G5
22898	DENND3
80124	VCPIP1
7381	UQCRB
7295	TXN
80709	AKNA
827	CAPN6
3251	HPRT1
9849	ZNF518A
203859	ANO5
9828	ARHGEF17
9702	CEP57
341350	OVCH1
196528	ARID2
6911	TBX6
57338	JPH3
10743	RAI1
644815	FAM83G
84218	TBC1D3F
124739	USP43
11140	CDC37
113179	ADAT3
23632	CA14
93183	PIGM
1418	CRYGA
22808	MRAS
8692	HYAL2
11086	ADAM29
171019	ADAMTS19
2161	F12
1627	DBN1
90933	TRIM41
51567	TDP2
81392	OR2AE1
4017	LOXL2
11030	RBPMS
8658	TNKS
158219	TTC39B
347527	ARSH
90737	PAGE5
65217	PCDH15
55315	SLC29A3
51135	IRAK4
341392	ACSM4
196951	FAM227B
9101	USP8
1003	CDH5
6871	TADA2A
8686	KRT41P
7561	ZNF14
126375	ZNF792
11100	HNRNPUL1
5424	POLD1
4606	MYBPC2
317701	VN1R2
5725	PTBP1
64222	TOR3A
57685	CACHD1
757	TMEM50B
55007	FAM118A
5378	PMS1
8745	ADAM23
338	APOB
10128	LRPPRC
25890	ABI3BP
54946	SLC41A3
344758	GPR149
64778	FNDC3B
8626	TP63
415117	STX19
1060	CENPC
100302736	TMED7-TICAM2
51151	SLC45A2
4131	MAP1B
2569	GABRR1
2737	GLI3
2887	GRB10
9831	ZNF623
83550	GPR101
55031	USP47
26493	OR8B8
326625	MMAB
51380	CSAD
8549	LGR5
123606	NIPA1
123745	PLA2G4E
79759	ZNF668
27324	TOX3
23644	EDC4
947	CD34
140883	ZNF280B
375318	AQP12A
151887	CCDC80
152138	PYDC2
60684	TRAPPC11
353497	POLN
26249	KLHL3
153572	IRX2
1235	CCR6
222584	FAM83B
1268	CNR1
79987	SVEP1
27035	NOX1
416	ARSF
10570	DPYSL4
5719	PSMD13
117854	TRIM6
23220	DTX4
6094	ROM1
5018	OXA1L
7051	TGM1
124220	ZG16B
10265	IRX5
388403	YPEL2
200162	SPAG17
1269	CNR2
140711	TLDC2
7621	ZNF70
25930	PTPN23
222546	RFX6
9821	RB1CC1
4939	OAS2
51411	BIN2
11215	AKAP11
83548	COG3
145483	FAM161B
51324	SPG21
2145	EZH1
4836	NMT1
80264	ZNF430
113835	ZNF257
6294	SAFB
10794	ZNF460
80095	ZNF606
387597	ILDR2
7779	SLC30A1
150094	SIK1
3538	IGLC2
10454	TAB1
250	ALPP
5443	POMC
131149	OTOL1
2119	ETV5
56144	PCDHA4
79192	IRX1
730	C7
80060	GNL3LP1
28514	DLL1
654231	OCM
5982	RFC2
3646	EIF3E
7504	XK
54328	GPR173
118672	PSTK
5592	PRKG1
55680	RUFY2
23584	VSIG2
6207	RPS13
55681	SCYL2
29121	CLEC2D
7681	MKRN3
64397	ZNF106
7727	ZNF174
55697	VAC14
1018	CDK3
147323	STARD6
23373	CRTC1
360200	TMPRSS9
10683	DLL3
23095	KIF1B
54546	RNF186
9048	ARTN
7053	TGM3
9402	GRAP2
83879	CDCA7
9689	BZW1
84693	MCEE
7879	RAB7A
25976	TIPARP
51068	NMD3
84248	FYTTD1
93973	ACTR8
57728	WDR19
10307	APBB3
6534	SLC6A7
285590	SH3PXD2B
7058	THBS2
2907	GRINA
2055	CLN8
6867	TACC1
7994	KAT6A
375775	PNPLA7
23137	SMC5
6322	SCML1
168400	DDX53
347442	DCAF8L2
1654	DDX3X
9767	JADE3
8473	OGT
5255	PHKA1
4674	NAP1L2
2846	LPAR4
54780	NSMCE4A
9060	PAPSS2
2147	F2
84767	TRIM51
219990	OOSP2
283237	TTC9C
23642	SNHG1
10060	ABCC9
51339	DACT1
25820	ARIH1
84993	UBL7
25942	SIN3A
1277	COL1A1
27091	CACNG5
5596	MAPK4
26085	KLK13
254268	AKNAD1
27246	RNF115
5692	PSMB4
10765	KDM5B
127294	MYOM3
29889	GNL2
81610	FAM83D
8867	SYNJ1
3689	ITGB2
905	CCNT2
10324	KLHL41
114880	OSBPL6
7429	VIL1
84542	KIAA1841
55577	NAGK
60678	EEFSEC
22865	SLITRK3
10644	IGF2BP2
10752	CHL1
6314	ATXN7
403274	OR5H15
56138	PCDHA11
3779	KCNMB1
85413	SLC22A16
5980	REV3L
55362	TMEM63B
10321	CRISP3
90523	MLIP
389400	GFRAL
51422	PRKAG2
6469	SHH
8379	MAD1L1
79581	SLC52A2
84988	PPP1R16A
1955	MEGF9
6103	RPGR
7552	ZNF711
50624	CUZD1
55454	CSGALNACT2
1645	AKR1C1
10114	HIPK3
3822	KLRC2
8437	RASAL1
81602	CDADC1
4649	MYO9A
64785	GINS3
54715	RBFOX1
23512	SUZ12
80221	ACSF2
8170	SLC14A2
55094	GPATCH1
3249	HPN
3749	KCNC4
343066	AADACL4
6403	SELP
81469	OR2G3
5825	ABCD3
1806	DPYD
56265	CPXM1
25876	SPEF1
873	CBR1
6523	SLC5A1
376940	ZC3H6
56886	UGGT1
57537	SORCS2
4724	NDUFS4
3001	GZMA
2651	GCNT2
729176	KATNBL1P6
7718	ZNF165
55770	EXOC2
81491	GPR63
8985	PLOD3
9771	RAPGEF5
25948	KBTBD2
23366	KIAA0895
2645	GCK
94137	RP1L1
11244	ZHX1
26281	FGF20
90362	FAM110B
7105	TSPAN6
5588	PRKCQ
113746	ODF3
143496	OR52B4
114900	C1QTNF4
84678	KDM2B
23141	ANKLE2
5927	KDM5A
10106	CTDSP2
8825	LIN7A
57494	RIMKLB
116028	RMI2
9894	TELO2
57146	TMEM159
28307	IGHV3OR16-9
2775	GNAO1
400629	TEX19
9518	GDF15
56926	NCLN
374907	B3GNT8
3643	INSR
8682	PEA15
50848	F11R
9970	NR1I3
56256	SERTAD4
401944	LDLRAD2
57165	GJC2
59269	HIVEP3
55283	MCOLN3
9935	MAFB
113730	KLHDC7B
22930	RAB3GAP1
344191	EVX2
1419	CRYGB
84695	LOXL3
51692	CPSF3
79740	ZBBX
259173	ALS2CL
10333	TLR6
22902	RUFY3
8310	ACOX3
93408	MYL10
5218	CDK14
10165	SLC25A13
114786	XKR4
259	AMBP
142680	SLC34A3
9131	AIFM1
139135	PASD1
220929	ZNF438
4297	KMT2A
79829	NAA40
81544	GDPD5
643246	MAP1LC3B2
3736	KCNA1
359	AQP2
140465	MYL6B
388015	RTL1
55075	UACA
23300	ATMIN
146802	SLC47A2
6875	TAF4B
10403	NDC80
55034	MOCOS
90589	ZNF625
126402	CCDC105
126526	C19orf47
23646	PLD3
56931	DUS3L
348327	ZNF530
57823	SLAMF7
55732	C1orf112
81470	OR2G2
149076	ZNF362
7075	TIE1
23613	ZMYND8
29761	USP25
28820	IGLV1-51
100037417	DDTL
10343	PKDREJ
790	CAD
55840	EAF2
11222	MRPL3
152100	CMC1
8603	FAM193A
2661	GDF9
2676	GFRA3
2908	NR3C1
8614	STC2
23061	TBC1D9B
2534	FYN
154075	SAMD3
1080	CFTR
60412	EXOC4
649	BMP1
84675	TRIM55
54845	ESRP1
140459	ASB6
10319	LAMC3
23287	AGTPBP1
8227	AKAP17A
728130	NUTM2D
744	MPPED2
10003	NAALAD2
114882	OSBPL8
623	BDKRB1
89839	ARHGAP11B
7158	TP53BP1
84952	CGNL1
2806	GOT2
1748	DLX4
64122	FN3K
147372	CCBE1
2593	GAMT
3802	KIR2DL1
2773	GNAI3
64783	RBM15
7678	ZNF124
4802	NFYC
54874	FNBP1L
5173	PDYN
2937	GSS
90199	WFDC8
10587	TXNRD2
80255	SLC35F5
5624	PROC
79901	CYBRD1
57181	SLC39A10
55230	USP40
28882	IGKV2D-29
27136	MORC1
23317	DNAJC13
51146	A4GNT
275	AMT
85462	FHDC1
768239	PSAPL1
10983	CCNI
9429	ABCG2
84321	THOC3
493869	GPX8
10919	EHMT2
5089	PBX2
4855	NOTCH4
116113	FOXP4
154007	SNRNP48
22798	LAMB4
51085	MLXIPL
79690	GAL3ST4
9070	ASH2L
203102	ADAM32
6591	SNAI2
23439	ATP1B4
8776	MTMR1
407007	MIR222
8228	PNPLA4
9971	NR1H4
374491	TPTE2P6
57511	COG6
10253	SPRY2
55640	FLVCR2
79874	RABEP2
6605	SMARCE1
7297	TYK2
5671	PSG3
84944	MAEL
6429	SRSF4
80176	SPSB1
2730	GCLM
26046	LTN1
431705	ASTL
5437	POLR2H
255812	SDHAP1
285429	DCAF4L1
9575	CLOCK
9407	TMPRSS11D
9499	MYOT
285643	KIF4B
51720	UIMC1
3842	TNPO1
92270	ATP6AP1L
6943	TCF21
346007	EYS
9892	SNAP91
56164	STK31
3092	HIP1
79027	ZNF655
9630	GNA14
554214	MIR450A1
4943	TBC1D25
212	ALAS2
25911	DPCD
26098	EDRF1
55760	DHX32
80313	LRRC27
85442	KNDC1
55301	OLAH
5305	PIP4K2A
3799	KIF5B
91074	ANKRD30A
221002	RASGEF1A
8031	NCOA4
114131	UCN3
79754	ASB13
439996	IFIT1B
3087	HHEX
9124	PDLIM1
56649	TMPRSS4
1798	DPAGT1
114902	C1QTNF5
219869	OR10G8
51272	BET1L
338645	LUZP2
26273	FBXO3
60529	ALX4
3046	HBE1
390061	OR51Q1
79097	TRIM48
50613	UBQLN3
219431	OR4S2
6520	SLC3A2
5331	PLCB3
322	APBB1
22992	KDM2A
338692	ANKRD13D
54961	SSH3
57175	CORO1B
390212	GPR152
53838	C11orf24
116985	ARAP1
80227	PAAF1
408	ARRB1
56672	AKIP1
57093	TRIM49
5893	RAD52
7374	UNG
259290	TAS2R31
5545	PRB4
283455	KSR2
254050	LRRC43
57647	DHX37
11211	FZD10
57634	EP400
2984	GUCY2C
144699	FBXL14
23012	STK38L
55297	CCDC91
83857	TMTC1
3741	KCNA5
3849	KRT2
3227	HOXC11
2065	ERBB3
6601	SMARCC2
196403	DTX3
50813	COPS7A
920	CD4
121278	TPH2
1466	CSRP2
160335	TMTC2
2	A2M
317	APAF1
3916	LAMP1
9205	ZMYM5
8100	IFT88
255967	PAN3
89890	KBTBD6
5925	RB1
160897	GPR180
10257	ABCC4
441669	OR4Q3
84962	AJUBA
79178	THTPA
10901	DHRS4
55072	RNF31
29966	STRN3
652	BMP4
399671	HEATR4
7253	TSHR
57578	UNC79
23191	CYFIP1
57194	ATP10A
85455	DISP2
55192	DNAJC17
80208	SPG11
22995	CEP152
373509	USP50
388121	TNFAIP8L3
256764	WDR72
26108	PYGO1
115752	DIS3L
10302	SNAPC5
10391	CORO2B
9399	STOML1
56905	C15orf39
55070	DET1
2242	FES
23042	PDXDC1
64131	XYLT1
124152	IQCK
10607	TBL3
9143	SYNGR3
5347	PLK1
260429	PRSS33
51333	ZNF771
79228	THOC6
3687	ITGAX
64714	PDIA2
54925	ZSCAN32
113	ADCY7
79068	FTO
57567	ZNF319
9057	SLC7A6
83449	PMFBP1
170692	ADAMTS18
54550	NECAB2
9914	ATP2C2
55625	ZDHHC7
4626	MYH8
93649	MYOCD
60528	ELAC2
400578	KRT16P2
10400	PEMT
4239	MFAP4
26118	WSB1
27346	TMEM97
100506436	SPAG5-AS1
5717	PSMD11
4994	OR3A1
91608	RASL10B
414059	TBC1D3B
8396	PIP4K2B
84254	CAMKK1
79132	DHX58
79777	ACBD4
124976	SPNS2
5245	PHB
9135	RABEP1
54894	RNF43
4215	MAP3K3
92335	STRADA
117246	FTSJ3
22901	ARSG
57659	ZBTB4
9489	PGS1
23135	KDM6B
339221	ENPP7
58485	TRAPPC1
57521	RPTOR
79755	ZNF750
146712	B3GNTL1
4628	MYH10
1830	DSG3
374864	CCDC178
30827	CXXC1
23556	PIGN
23239	PHLPP1
55556	ENOSF1
4772	NFATC1
1265	CNN2
3609	ILF3
163059	ZNF433
55850	USE1
54815	GATAD2A
26330	GAPDHS
495	ATP4A
79171	RBM42
25999	CLIP3
64857	PLEKHG2
57731	SPTBN4
112398	EGLN2
9138	ARHGEF1
27113	BBC3
11133	KPTN
8541	PPFIA3
79735	TBC1D17
114132	SIGLEC11
114823	LENG8
284307	ZIK1
54807	ZNF586
57192	MCOLN1
1991	ELANE
4803	NGF
5738	PTGFRN
100132406	NBPF10
8799	PEX11B
54507	ADAMTSL4
29765	TMOD4
57592	ZNF687
5298	PI4KB
7286	TUFT1
6707	SPRR3
9909	DENND4B
9898	UBAP2L
3570	IL6R
80308	FLAD1
56893	UBQLN4
10763	NES
910	CD1B
1314	COPA
8703	B4GALT3
9507	ADAMTS4
149297	FAM78B
6646	SOAT1
339479	BRINP3
9911	TMCC2
1380	CR2
100313769	MIR320B2
4931	NVL
7044	LEFTY2
58480	RHOU
22796	COG2
163882	CNST
25909	AHCTF1
127068	OR2T34
164091	PAQR7
64129	TINAGL1
127687	C1orf122
84217	ZMYND12
23139	MAST2
2166	FAAH
127343	DMBX1
5786	PTPRA
128876	FAM83C
55245	UQCC1
8904	CPNE1
9054	NFS1
128434	VSTM2L
9675	TTI1
85449	KIAA1755
26051	PPP1R16B
11122	PTPRT
54498	SMOX
57091	CASS4
164312	LRRN4
54915	YTHDF1
337969	KRTAP19-2
1292	COL6A2
3053	SERPIND1
10634	GAS2L1
9681	DEPDC5
11078	TRIOBP
51386	EIF3L
25776	CBY1
140564	APOBEC3D
9889	ZBED4
5903	RANBP2
10461	MERTK
4648	MYO7B
90	ACVR1
151258	SLC38A11
140469	MYO3B
79677	SMC6
343930	MSGN1
4632	MYL1
6556	SLC11A1
3300	DNAJB2
406944	MIR153-1
81618	ITM2C
5707	PSMD1
129563	DIS3L2
9427	ECEL1
25791	NGEF
54658	UGT1A1
3797	KIF3C
3030	HADHA
4358	MPV17
151056	PLB1
130271	PLEKHH2
9792	SERTAD2
5861	RAB1A
525	ATP6V1B1
23020	SNRNP200
55773	TBC1D23
6396	SEC13
84692	CCDC54
90102	PHLDB2
29114	TAGLN3
57461	ISY1
23023	TMCC1
51421	AMOTL2
83850	ESYT3
56945	MRPS22
8975	USP13
131408	FAM131A
5130	PCYT1A
4292	MLH1
9209	LRRFIP2
285267	ZNF619
56992	KIF15
6599	SMARCC1
10869	USP19
4485	MST1
8801	SUCLG2
285203	EOGT
7110	TMF1
6092	ROBO2
403278	OR5K4
308	ANXA5
256471	MFSD8
1182	CLCN3
2180	ACSL1
132625	ZFP42
2868	GRK4
3490	IGFBP7
324	APC
3781	KCNN2
23105	FSTL4
64374	SIL1
56146	PCDHA2
10146	G3BP1
2741	GLRA1
80315	CPEB4
2870	GRK6
64777	RMND5B
57396	CLK4
8546	AP3B1
65980	BRD9
64167	ERAP2
2309	FOXO3
154214	RNF217
93663	ARHGAP18
5191	PEX7
8676	STX11
116254	GINM1
389434	IYD
2099	ESR1
84947	SERAC1
9589	WTAP
29074	MRPL18
6310	ATXN1
9444	QKI
154141	MBOAT1
54901	CDKAL1
353219	KAAG1
10866	HCP5
7917	BAG6
221496	LEMD2
154467	CCDC167
2739	GLO1
285852	TREML4
24149	ZNF318
83741	TFAP2D
401265	KLHL31
6239	RREB1
4646	MYO6
51593	SRRT
221981	THSD7A
1357	CPA1
2115	ETV1
401427	OR2A7
643641	ZNF862
221823	PRPS1L1
9734	HDAC9
3205	HOXA9
1395	CRHR2
5137	PDE1C
6977	TRGV4
6974	TRGV2
27434	POLM
55607	PPP1R9A
245812	CNPY4
25897	RNF19A
9694	EMC2
7373	COL14A1
727957	MROH1
55790	CSGALNACT1
9796	PHYHIP
23221	RHOBTB2
56154	TEX15
83877	TM2D2
5327	PLAT
9705	ST18
55824	PAG1
8767	RIPK2
115111	SLC26A7
79815	NIPAL2
55151	TMEM38B
58499	ZNF462
54932	EXD3
10811	NOXA1
6456	SH3GL2
3444	IFNA7
573	BAG1
347240	KIF24
84720	PIGO
79956	ERMP1
60560	NAA35
65268	WNK2
115201	ATG4A
2986	GUCY2F
2182	ACSL4
158800	RHOXF1
55879	GABRQ
3421	IDH3G
537	ATP6AP1
7503	XIST
139596	UPRT
120224	TMEM45B
51296	SLC15A3
1200	TPP1
4756	NEO1
146691	TOM1L2
147015	DHRS13
9527	GOSR1
80700	UBXN6
645432	ARRDC5
22870	PPP6R1
163786	SASS6
10885	WDR3
57863	CADM3
57216	VANGL2
3964	LGALS8
8438	RAD54L
1429	CRYZ
1002	CDH4
6782	HSPA13
150372	NFAM1
51626	DYNC2LI1
55704	CCDC88A
1639	DCTN1
51460	SFMBT1
27068	PPA2
59067	IL21
91746	YTHDC1
153733	CCDC112
8974	P4HA2
84105	PCBD2
153770	PLAC8L1
10917	BTNL3
26064	RAI14
55299	BRIX1
677828	SNORA47
2911	GRM1
23564	DDAH2
2178	FANCE
95681	CEP41
55174	INTS10
29942	PURG
56254	RNF20
2650	GCNT1
1842	ECM2
1183	CLCN4
10389	SCML2
5199	CFP
10800	CYSLTR1
26019	UPF2
91523	PCED1B
10376	TUBA1B
4848	CNOT2
10979	FERMT2
2103	ESRRB
1583	CYP11A1
85291	KRTAP4-2
325	APCS
114548	NLRP3
5126	PCSK2
151126	ZNF385B
4345	CD200
5648	MASP1
91368	CDKN2AIPNL
28973	MRPS18B
10467	ZNHIT1
137970	UNC5D
390036	OR52K1
283111	OR51V1
488	ATP2A2
28473	IGHV1-3
51199	NIN
246777	SPESP1
145873	MESP2
29117	BRD7
54768	HYDIN
23533	PIK3R5
64100	ELSPBP1
7412	VCAM1
1378	CR1
65979	PHACTR4
84275	SLC25A33
284992	CCDC150
200879	LIPH
501	ALDH7A1
56134	PCDHAC2
56126	PCDHB10
11131	CAPN11
5078	PAX4
1358	CPA2
643955	ZNF733P
169026	SLC30A8
1191	CLU
1015	CDH17
26740	OR1J2
392399	LCN9
768	CA9
10020	GNE
8243	SMC1A
9790	BMS1
10413	YAP1
1737	DLAT
113675	SDSL
27289	RND1
122651	RNASE11
171546	SPTSSA
5700	PSMC1
102	ADAM10
25970	SH2B1
29855	UBN1
57019	CIAPIN1
84219	WDR24
9955	HS3ST3A1
22843	PPM1E
326624	RAB37
79058	ASPSCR1
126326	GIPC3
6510	SLC1A5
142	PARP1
22803	XRN2
63910	SLC17A9
3772	KCNJ15
23539	SLC16A8
401024	FSIP2
253558	LCLAT1
85474	LBX2
10063	COX17
201626	PDE12
5393	EXOSC9
132724	TMPRSS11B
51170	HSD17B11
84816	RTN4IP1
27102	EIF2AK1
23144	ZC3H3
5365	PLXNB3
22978	NT5C2
7414	VCL
143279	HECTD2
727897	MUC5B
100287569	LINC00173
64426	SUDS3
7347	UCHL3
5706	PSMC6
4692	NDN
51005	AMDHD2
10725	NFAT5
645027	EVPLL
677882	SNORA59B
4991	OR1D2
26151	NAT9
80206	FHOD3
729440	CCDC61
10542	LAMTOR5
57643	ZSWIM5
148979	GLIS1
80835	TAS1R1
149708	WFDC5
6615	SNAI1
3580	CXCR2P1
84812	PLCD4
54576	UGT1A8
51239	ANKRD39
165904	XIRP1
23022	PALLD
10886	NPFFR2
23338	JADE2
56106	PCDHGA10
29093	MRPL22
345462	ZNF879
2324	FLT4
7259	TSPYL1
221692	PHACTR1
8417	STX7
9053	MAP7
340146	SLC35D3
9590	AKAP12
6568	SLC17A1
80736	SLC44A4
23113	CUL9
64761	PARP12
2128	EVX1
100499483	CCDC180
57481	KIAA1210
22884	WDR37
79671	NLRX1
5140	PDE3B
10432	RBM14
904	CCNT1
4081	MAB21L1
27141	CIDEB
825	CAPN3
1398	CRK
8383	OR1A1
85415	RHPN2
57663	USP29
718	C3
84824	FCRLA
26696	OR2T1
284654	RSPO1
2832	NPBWR2
84269	CHCHD5
56603	CYP26B1
9982	FGFBP1
257202	GPX6
4899	NRF1
57016	AKR1B10
28595	TRBV7-3
1804	DPP6
54443	ANLN
23353	SUN1
11033	ADAP1
23637	RABGAP1
5475	PPEF1
53336	CPXCR1
960	CD44
28506	IGHD1-26
3868	KRT16
10297	APC2
84436	ZNF528
279	AMY2A
6283	S100A12
4914	NTRK1
5778	PTPN7
27293	SMPDL3B
8891	EIF2B3
22981	NINL
10740	RFPL1S
55586	MIOX
52	ACP1
2317	FLNB
153241	CEP120
3187	HNRNPH1
2006	ELN
286151	FBXO43
10527	IPO7
121601	ANO4
27239	GPR162
4060	LUM
4625	MYH7
5926	ARID4A
1464	CSPG4
80063	ATF7IP2
6662	SOX9
124590	USH1G
79157	MFSD11
25800	SLC39A6
7733	ZNF180
284355	TPRX1
3321	IGSF3
1434	CSE1L
89765	RSPH1
547	KIF1A
27031	NPHP3
200916	RPL22L1
84818	IL17RC
2261	FGFR3
57733	GBA3
55521	TRIM36
79616	CCNJL
5420	PODXL
3181	HNRNPA2B1
285955	SPDYE1
8468	FKBP6
23230	VPS13A
4958	OMD
56548	CHST7
118788	PIK3AP1
414157	C10orf62
220323	OAF
80071	CCDC15
219436	OR5D14
219464	OR5T2
7542	ZFPL1
2251	FGF6
144233	BCDIN3D
80209	PROSER1
84078	KBTBD7
28666	TRAV17
6524	SLC5A2
56052	ALG1
80205	CHD9
782	CACNB1
3214	HOXB4
643664	SLC35G6
81890	QTRT1
90594	ZNF439
79149	ZSCAN5A
55170	PRMT6
200185	KRTCAP2
2629	GBA
4720	NDUFS2
79932	KIAA0319L
1179	CLCA1
3985	LIMK2
55818	KDM3A
89857	KLHL6
2720	GLB1
54726	OTUD4
386617	KCTD8
23324	MAN2B2
892	CCNC
11104	KATNA1
83595	SOX7
55806	HR
54836	BSPRY
139105	BEND2
84665	MYPN
56547	MMP26
869	CBLN1
5023	P2RX1
124944	C17orf49
54868	TMEM104
11218	DDX20
81839	VANGL1
2494	NR5A2
7802	DNALI1
26009	ZZZ3
91624	NEXN
30836	DNTTIP2
24141	LAMP5
10369	CACNG2
93349	SP140L
5968	REG1B
153830	RNF145
774	CACNA1B
375748	ERCC6L2
84295	PHF6
10613	ERLIN1
56980	PRDM10
9733	SART3
9332	CD163
54937	SOHLH2
55282	LRRC36
84080	ENKD1
2734	GLG1
4087	SMAD2
80323	CCDC68
7568	ZNF20
9668	ZNF432
162967	ZNF320
284618	RUSC1-AS1
88	ACTN2
5770	PTPN1
55670	PEX26
23671	TMEFF2
80216	ALPK1
56916	SMARCAD1
11005	SPINK5
9443	MED7
56658	TRIM39
4277	MICB
5225	PGC
7984	ARHGEF5
23288	IQCE
222194	RSBN1L
157657	C8orf37
51271	UBAP1
57704	GBA2
9737	GPRASP1
5146	PDE6C
4162	MCAM
390064	OR51I2
5553	PRG2
3846	KRTAP5-9
56673	C11orf16
83468	GLT8D2
121642	ALKBH2
84920	ALG10
390431	OR4K2
27133	KCNH5
8816	DCAF5
21	ABCA3
6559	SLC12A3
374286	CDRT1
6830	SUPT6H
6776	STAT5A
5971	RELB
163154	PRR22
93134	ZNF561
84283	TMEM79
116461	TSEN15
779	CACNA1S
81573	ANKRD13C
64949	MRPS26
55902	ACSS2
54069	MIS18A
375298	CERKL
79745	CLIP4
6869	TACR1
10840	ALDH1L1
79858	NEK11
10611	PDLIM5
9782	MATR3
3066	HDAC2
64577	ALDH8A1
394263	MUC21
1956	EGFR
2961	GTF2E2
23307	FKBP15
7186	TRAF2
9016	SLC25A14
347475	CCDC160
22841	RAB11FIP2
8496	PPFIBP1
6445	SGCG
9543	IGDCC3
201232	SLC16A13
29796	UQCR10
93624	TADA2B
5355	PLP2
8028	MLLT10
80114	BICC1
5519	PPP2R1B
10480	EIF3M
4891	SLC11A2
1634	DCN
10208	USPL1
7082	TJP1
5888	RAD51
55930	MYO5C
79801	SHCBP1
6687	SPG7
7153	TOP2A
9902	MRC2
9400	RECQL5
1149	CIDEA
9331	B4GALT6
6794	STK11
10298	PAK4
84699	CREB3L3
25865	PRKD2
125893	ZNF816
125962	OR7G1
376693	RPS10P7
56950	SMYD2
1296	COL8A2
158	ADSL
7173	TPO
389090	OR6B2
11167	FSTL1
5352	PLOD2
55892	MYNN
254827	NAALADL2
55129	ANO10
51128	SAR1B
2149	F2R
26692	OR2W1
692092	SNORD32B
3710	ITPR3
1026	CDKN1A
734	OSGIN2
10439	OLFM1
170626	XAGE3
4360	MRC1
1813	DRD2
84689	MS4A14
51535	PPHLN1
5213	PFKM
269	AMHR2
6515	SLC2A3
4074	M6PR
113540	CMTM1
5345	SERPINF2
23293	SMG6
81035	COLEC12
6633	SNRPD2
29844	TFPT
81609	SNX27
114819	CROCCP3
3915	LAMC1
375056	MIA3
51227	PIGP
550631	CCDC157
54471	MIEF1
79087	ALG12
22925	PLA2R1
57539	WDR35
388931	MFSD2B
1788	DNMT3A
11117	EMILIN1
51809	GALNT7
56122	PCDHB14
134957	STXBP5
780	DDR1
136319	MTPN
6424	SFRP4
340252	ZNF680
64798	DEPTOR
6570	SLC18A1
158431	ZNF782
57631	LRCH2
340591	CA5BP1
6839	SUV39H1
5207	PFKFB1
56159	TEX11
23187	PHLDB1
283189	OR9G4
390199	OR4D9
144453	BEST3
112849	L3HYPDH
26015	RPAP1
84690	SPATA22
10350	ABCA9
23210	JMJD6
4864	NPC1
1823	DSC1
51463	GPR89B
81627	TRMT1L
55657	ZNF692
84759	PCGF1
29909	GPR171
29925	GMPPB
319100	TAAR6
84630	TTBK1
10643	IGF2BP3
138948	DBH-AS1
283358	B4GALNT3
170482	CLEC4C
83982	IFI27L2
79918	SETD6
4059	BCAM
6375	XCL1
81569	ACTL8
5784	PTPN14
2046	EPHA8
80332	ADAM33
23523	CABIN1
151112	ZSWIM2
54529	ASNSD1
6772	STAT1
50489	CD207
78991	PCYOX1L
80328	ULBP2
51160	VPS28
4969	OGN
5165	PDK3
8453	CUL2
474354	LRRC18
9023	CH25H
259292	TAS2R46
5288	PIK3C2G
51474	LIMA1
23478	SEC11A
3882	KRT32
7266	DNAJC7
6464	SHC1
23252	OTUD3
93273	LEMD1
6894	TARBP1
6125	RPL5
23550	PSD4
55677	IWS1
9497	SLC4A7
211	ALAS1
1958	EGR1
10384	BTN3A3
54566	EPB41L4B
292	SLC25A5
10178	TENM1
9758	FRMPD4
23133	PHF8
219833	C11orf45
219484	OR5M8
1262	CNGA4
5139	PDE3A
8914	TIMELESS
8078	USP5
23143	LRCH1
161753	ODF3L1
6123	RPL3L
79651	RHBDF2
79822	ARHGAP28
100862728	UPK1A-AS1
11012	KLK11
2109	ETFB
79166	LILRP2
55791	LRIF1
4731	NDUFV3
758	MPPED1
140738	TMEM37
84083	ZRANB3
9936	CD302
5918	RARRES1
9807	IP6K1
25978	CHMP2B
1044	CDX1
23037	PDZD2
348980	HCN1
79072	FASTKD3
168391	GALNTL5
26872	STEAP1
84549	MAK16
2592	GALT
221044	UCMA
1431	CS
10540	DCTN2
11099	PTPN21
90381	TICRR
5636	PRPSAP2
22905	EPN2
83871	RAB34
3780	KCNN1
729359	PLIN4
126823	KLHDC9
1660	DHX9
7832	BTG2
148811	PM20D1
347735	SERINC2
23181	DIP2A
5465	PPARA
7852	CXCR4
238	ALK
28938	IGKV1-16
6434	TRA2B
55314	TMEM144
153443	SRFBP1
84466	MEGF10
57480	PLEKHG1
1590	CYP21A1P
3662	IRF4
8328	GFI1B
393	ARHGAP4
50945	TBX22
94233	OPN4
81577	GFOD2
3909	LAMA3
8698	S1PR4
3978	LIG1
2217	FCGRT
65982	ZSCAN18
23029	RBM34
4774	NFIA
8195	MKKS
23051	ZHX3
9475	ROCK2
1768	DNAH6
55573	CDV3
152485	ZNF827
26045	LRRTM2
1992	SERPINB1
26707	OR2J2
9820	CUL7
7227	TRPS1
10585	POMT1
138241	C9orf85
4694	NDUFA1
442444	FAM47C
8861	LDB1
57678	GPAM
374308	PTCHD3
84991	RBM17
9158	FIBP
64431	ACTR6
9880	ZBTB39
196441	ZFC3H1
10443	N4BP2L2
55177	RMDN3
124401	ANKS3
999	CDH1
9989	PPP4R1
84964	ALKBH6
7554	ZNF8
56833	SLAMF8
199870	FAM76A
8073	PTP4A2
127534	GJB4
2899	GRIK3
6018	RLF
140578	CHODL
4430	MYO1B
54884	RETSAT
84249	PSD2
23600	AMACR
10486	CAP2
222663	SCUBE3
222826	FAM217A
84928	TMEM209
9699	RIMS2
8822	FGF17
389763	SPATA31D1
347487	CXorf66
4221	MEN1
117144	CATSPER1
65975	STK33
121006	FAM186A
10804	GJB6
87	ACTN1
2235	FECH
11136	SLC7A9
342931	RFPL4A
55631	LRRC40
128989	TANGO2
65061	CDK15
51300	TIMMDC1
8545	CGGBP1
64839	FBXL17
157769	FAM91A1
29979	UBQLN1
1164	CKS2
114824	PNMA5
10844	TUBGCP2
8030	CCDC6
171389	NLRP6
63901	FAM111A
2237	FEN1
65125	WNK1
121457	IKBIP
28674	TRAV12-1
8720	MBTPS1
6928	HNF1B
147179	WIPF2
284186	TMEM105
83608	C18orf21
11201	POLI
1187	CLCNKA
7100	TLR5
64769	MEAF6
51661	FKBP7
4759	NEU2
4084	MXD1
349565	NMNAT3
57507	ZNF608
389333	PROB1
100190949	C5orf52
153643	FAM81B
2831	NPBWR1
10046	MAMLD1
84898	PLXDC2
80312	TET1
160287	LDHAL6A
85363	TRIM5
79158	GNPTAB
84329	HVCN1
9847	C2CD5
4734	NEDD4
94039	ZNF101
51548	SIRT6
770	CA11
284359	IZUMO1
3283	HSD3B1
27101	CACYBP
7161	TP73
116154	PHACTR3
113278	SLC52A3
10291	SF3A1
80831	APOL5
8491	MAP4K3
8869	ST3GAL5
51447	IP6K2
84640	USP38
79844	ZDHHC11
83861	RSPH3
56311	ANKRD7
136332	LRGUK
79989	TTC26
64327	LMBR1
346389	MACC1
4300	MLLT3
5789	PTPRD
114928	GPRASP2
340547	VSIG1
139804	RBMXL3
63982	ANO3
282775	OR5J2
54934	KANSL2
9119	KRT75
26050	SLITRK5
255252	LRRC57
197135	PATL2
50615	IL21R
84923	FAM104A
9141	PDCD5
149345	SHISA4
8547	FCN3
765	CA6
23054	NCOA6
79675	FASTKD1
4124	MAN2A1
51015	ISOC1
56923	NMUR2
441151	TMEM151B
2941	GSTA4
83482	SCRT1
25	ABL1
5634	PRPS2
6901	TAZ
64743	WDR13
83259	PCDH11Y
55176	SEC61A2
3070	HELLS
341277	OVCH2
8091	HMGA2
56339	METTL3
79705	LRRK1
64843	ISL2
85407	NKD1
4495	MT1G
9091	PIGQ
58189	WFDC1
201299	RDM1
5268	SERPINB5
89858	SIGLEC12
30835	CD209
8564	KMO
401992	OR2T2
22955	SCMH1
4352	MPL
6512	SLC1A7
2307	FOXS1
645280	SMPD4P1
113691	TUBA3FP
153527	ZMAT2
9774	BCLAF1
7201	TRHR
23462	HEY1
687	KLF9
1903	S1PR3
139760	GPR119
23096	IQSEC2
4935	GPR143
51182	HSPA14
79023	NUP37
6773	STAT2
259232	NALCN
79944	L2HGDH
56204	FAM214A
81533	ITFG1
535	ATP6V0A1
4779	NFE2L1
6603	SMARCD2
26528	DAZAP1
93343	MVB12A
92799	SHKBP1
29914	UBIAD1
100129405	MSTO2P
606495	CYB5RL
261734	NPHP4
8218	CLTCL1
6300	MAPK12
10913	EDAR
85461	TANC1
57282	SLC4A10
28885	IGKV2D-24
26137	ZBTB20
3556	IL1RAP
2771	GNAI2
57575	PCDH10
55351	STK32B
282890	ZNF311
80863	PRRT1
5961	PRPH2
9425	CDYL
55124	PIWIL2
57094	CPA6
8989	TRPA1
9858	PPP1R26
27019	DNAI1
1355	COX15
340745	LRIT2
6857	SYT1
490	ATP2B1
122011	CSNK1A1L
79609	VCPKMT
23205	ACSBG1
2357	FPR1
7409	VAV1
400668	PRSS57
149095	DCST1
2707	GJB3
1298	COL9A2
55661	DDX27
140628	GATA5
6647	SOD1
5361	PLXNA1
7363	UGT2B4
5110	PCMT1
55972	SLC25A40
2936	GSR
293	SLC25A6
439915	KRTAP5-5
8519	IFITM1
390168	OR5M1
120787	OR52W1
10906	TRAFD1
4938	OAS1
90070	LACRT
161436	EML5
283927	NUDT7
7756	ZNF207
23131	GPATCH8
55852	TEX2
3838	KPNA2
4158	MC2R
26251	KCNG2
7643	ZNF90
9757	KMT2B
147968	CAPN12
1891	ECH1
79958	DENND1C
54112	GPR88
80834	TAS1R2
29097	CNIH4
64216	TFB2M
192669	AGO3
8643	PTCH2
284800	FAM182A
245930	DEFB116
8785	MATN4
64968	MRPS6
89781	HPS4
2660	MSTN
23192	ATG4B
56987	BBX
152015	ROPN1B
57088	PLSCR4
23007	PLCH1
6002	RGS12
10855	HPSE
6696	SPP1
340069	FAM170A
56125	PCDHB11
347733	TUBB2B
129685	TAF8
10864	SLC22A7
222255	ATXN7L1
29992	PILRA
26873	OPLAH
55290	BRF2
91373	UAP1L1
139818	DOCK11
100507605	LINC00837
6240	RRM1
390037	OR52I1
3855	KRT7
286887	KRT6C
7132	TNFRSF1A
79738	BBS10
100126315	MIR665
122773	KLHDC1
162073	ITPRIPL2
5589	PRKCSH
8605	PLA2G4C
79716	NPEPL1
63929	XPNPEP3
5468	PPARG
80254	CEP63
64651	CSRNP1
27145	FILIP1
206412	C6orf163
83940	TATDN1
80346	REEP4
54875	CNTLN
4799	NFX1
85012	TCEAL3
79710	MORC4
286530	P2RY8
26507	CNNM1
64215	DNAJC1
4863	NPAT
219493	OR5AR1
645332	FAM86C2P
404635	NANOGP1
9056	SLC7A7
2764	GMFB
54207	KCNK10
79789	CLMN
26258	BLOC1S6
7090	TLE3
197320	ZNF778
146760	RTN4RL1
26284	ERAL1
3885	KRT34
6829	SUPT5H
7770	ZNF227
946	SIGLEC6
829	CAPZA1
54998	AURKAIP1
7062	TCHH
441911	OR10J3
844	CASQ1
2153	F5
6000	RGS7
7150	TOP1
56937	PMEPA1
23532	PRAME
415116	PIM3
129684	CNTNAP5
10746	MAP3K2
1803	DPP4
80055	PGAP1
51449	PCYOX1
64795	RMND5A
55714	TENM3
407000	MIR218-1
81037	CLPTM1L
7045	TGFBI
57472	CNOT6
8464	SUPT3H
653	BMP5
259285	TAS2R39
392862	GRID2IP
117531	TMC1
158471	PRUNE2
219874	OR6T1
23258	DENND5A
10970	CKAP4
6579	SLCO1A2
112	ADCY6
57658	CALCOCO1
196500	PIANP
81624	DIAPH3
9074	CLDN6
3681	ITGAD
342346	C16orf96
23090	ZNF423
6553	SLC9A5
342667	STAC2
148254	ZNF555
56915	EXOSC5
2512	FTL
94027	CGB7
6205	RPS11
10998	SLC27A5
9651	PLCH2
4985	OPRD1
55182	RNF220
2634	GBP2
5326	PLAGL2
5203	PFDN4
1525	CXADR
337979	KRTAP22-1
11077	HSF2BP
1120	CHKB
7072	TIA1
55683	KANSL3
51555	PEX5L
55584	CHRNA9
23567	ZNF346
9509	ADAMTS2
6293	VPS52
79571	GCC1
10499	NCOA2
286148	DPY19L4
51148	CERCAM
65083	NOL6
138240	C9orf57
5631	PRPS1
8277	TKTL1
56288	PARD3
4978	OPCML
26298	EHF
283464	GXYLT1
12	SERPINA3
256646	NUTM1
5428	POLG
1632	ECI1
124801	LSM12
115106	HAUS1
23253	ANKRD12
50944	SHANK1
91663	MYADM
127707	KLHDC7A
9064	MAP3K6
81493	SYNC
9829	DNAJC6
81849	ST6GALNAC5
80135	RPF1
9875	URB1
407017	MIR26B
9942	XYLB
5627	PROS1
7364	UGT2B7
206358	SLC36A1
114801	TMEM200A
11119	BTN3A1
2914	GRM4
84668	FAM126A
54187	NANS
10773	ZBTB6
23203	PMPCA
7763	ZFAND5
56912	IFT46
2542	SLC37A4
6768	ST14
84957	RELT
9365	KL
10845	CLPX
196993	CT62
10672	GNA13
6318	SERPINB4
49856	WRAP73
79159	NOL12
8886	DDX18
51208	CLDN18
22871	NLGN1
27115	PDE7B
4233	MET
7553	ZNF7
10383	TUBB4B
3703	STT3A
55709	KBTBD4
35	ACADS
26278	SACS
400224	PLEKHD1
10116	FEM1B
10481	HOXB13
93099	DMKN
282616	IFNL2
29888	STRN4
55585	UBE2Q1
5451	POU2F1
51361	HOOK1
54453	RIN2
60625	DHX35
6453	ITSN1
79809	TTC21B
84128	WDR75
6295	SAG
64395	GMCL1
6936	GCFC2
80746	TSEN2
116441	TM4SF18
285315	C3orf33
8536	CAMK1
80014	WWC2
246175	CNOT6L
114915	EPB41L4A-AS1
57688	ZSWIM6
442184	OR2B3
442361	OR2A2
5166	PDK4
56704	JPH1
5695	PSMB7
51270	TFDP3
64648	SPANXD
4354	MPP1
59272	ACE2
117154	DACH2
140766	ADAMTS14
118932	ANKRD22
745	MYRF
387601	SLC22A25
2963	GTF2F2
7011	TEP1
641	BLM
23450	SF3B3
79922	MRM1
2896	GRN
10642	IGF2BP1
64750	SMURF2
91133	L3MBTL4
333	APLP1
6195	RPS6KA1
1733	DIO1
60482	SLC5A7
23175	LPIN1
10225	CD96
51185	CRBN
53917	RAB24
57515	SERINC1
9113	LATS1
55626	AMBRA1
400206	DPPA3P2
79834	PEAK1
4225	MEP1B
81	ACTN4
56891	LGALS14
80896	NPL
10936	GPR75
28943	IGKV1-6
10144	FAM13A
442194	OR10C1
202559	KHDRBS2
229	ALDOB
255022	CALHM1
143244	EIF5AL1
84287	ZDHHC16
10944	C11orf58
10553	HTATIP2
3665	IRF7
92105	INTS4
66005	CHID1
10959	TMED2
23545	ATP6V0A2
120892	LRRK2
29951	PDZRN4
84790	TUBA1C
81566	CSRNP2
5916	RARG
10426	TUBGCP3
6252	RTN1
8748	ADAM20
28317	IGHV4OR15-8
64799	IQCH
11051	NUDT21
1800	DPEP1
6117	RPA1
4137	MAPT
5889	RAD51C
55748	CNDP2
7064	THOP1
10567	RABAC1
2909	ARHGAP35
54482	TRMT13
10500	SEMA6C
4881	NPR1
11266	DUSP12
64407	RGS18
6238	RRBP1
1137	CHRNA4
51665	ASB1
23498	HAAO
5197	PF4V1
1729	DIAPH1
55696	RBM22
51491	NOP16
729	C6
4214	MAP3K1
5924	RASGRF2
53832	IL20RA
90639	COX19
11062	DUS4L
6916	TBXAS1
157376	FER1L6-AS2
4342	MOS
64794	DDX31
692226	SNORD96B
1038	CDR1
22866	CNKSR2
2710	GK
1947	EFNB1
59338	PLEKHA1
90550	MCU
25996	REXO2
8539	API5
9776	ATG13
53841	CDHR5
2248	FGF3
353164	TAS2R42
93589	CACNA2D4
9375	TM9SF2
2262	GPC5
4738	NEDD8
83851	SYT16
78990	OTUB2
145264	SERPINA12
3683	ITGAL
9727	RAB11FIP3
65057	ACD
146198	ZFP90
124783	SPATA32
83854	ANGPTL6
7769	ZNF226
388561	ZNF761
10908	PNPLA6
56956	LHX9
8497	PPFIA4
11079	RER1
5621	PRNP
26469	PTPN18
58484	NLRC4
3827	KNG1
118442	GPR62
7092	TLL1
5602	MAPK10
353189	SLCO4C1
64901	RANBP17
4082	MARCKS
51465	UBE2J1
136051	ZNF786
55501	CHST12
5154	PDGFA
3984	LIMK1
29967	LRP12
10987	COPS5
4593	MUSK
7169	TPM2
286410	ATP11C
7739	ZNF185
27238	GPKOW
221074	SLC39A12
84102	SLC41A2
9761	MLEC
1910	EDNRB
2009	EML1
22893	BAHD1
9121	SLC16A5
81856	ZNF611
9641	IKBKE
9762	LZTS3
11096	ADAMTS5
6948	TCN2
344148	NCKAP5
200403	VWA3B
23101	MCF2L2
692099	FAM86DP
57497	LRFN2
89958	SAPCD2
5076	PAX2
1326	MAP3K8
8803	SUCLA2
10598	AHSA1
8139	GAN
124995	MRPL10
441818	WBP11P1
29785	CYP2S1
54795	TRPM4
11085	ADAM30
2987	GUK1
5266	PI3
55137	FIGN
84077	C3orf20
8467	SMARCA5
9867	PJA2
23553	HYAL4
114960	TSGA13
25769	SLC24A2
340578	DCAF12L2
3481	IGF2
254187	TSGA10IP
219333	USP12
384	ARG2
23005	MAPKBP1
283659	PRTG
84942	WDR73
11151	CORO1A
84616	KRTAP4-4
94015	TTYH2
6253	RTN2
113802	HENMT1
2005	ELK4
2025	ENO1P1
182	JAG1
2678	GGT1
150297	C22orf42
8542	APOL1
9582	APOBEC3B
84271	POLDIP3
84281	C2orf88
93010	B3GNT7
80895	ILKAP
130106	CIB4
131368	ZPLD1
7372	UMPS
6184	RPN1
8470	SORBS2
1176	AP3S1
5159	PDGFRB
56257	MEPCE
4850	CNOT4
6224	RPS20
7403	KDM6A
28638	TRBC2
10360	NPM3
9748	SLK
220963	SLC16A9
84953	MICALCL
83464	APH1B
729993	SHISA9
114826	SMYD4
163050	ZNF564
51070	NOSIP
43847	KLK14
79143	MBOAT7
29956	CERS2
998	CDC42
2048	EPHB2
10472	ZBTB18
9682	KDM4A
51249	TMEM69
140862	ISM1
128637	TBC1D20
10739	RFPL2
132228	LSMEM2
4085	MAD2L1
9324	HMGN3
3206	HOXA10
139170	DCAF12L1
26341	OR5H1
219790	RTKN2
84000	TMPRSS13
677	ZFP36L1
641372	ACOT6
22801	ITGA11
6155	RPL27
2118	ETV4
84622	ZNF594
57657	HCN3
5743	PTGS2
864	RUNX3
148423	C1orf52
10483	SEC23B
116211	TM4SF19
91869	RFT1
4589	MUC7
56139	PCDHA10
338398	TAS2R60
387129	NPSR1
28991	COMMD5
57584	ARHGAP21
10023	FRAT1
219875	OR4D5
80198	MUS81
255394	TCP11L2
259296	TAS2R50
5829	PXN
26290	GALNT8
28711	TRAJ44
53944	CSNK1G1
57465	TBC1D24
8786	RGS11
81033	KCNH6
147463	ANKRD29
163227	ZNF100
3738	KCNA3
8995	TNFSF18
79570	NKAIN1
84938	ATG4C
11083	DIDO1
390530	IGHV1OR21-1
84645	C22orf23
91289	LMF2
2191	FAP
9940	DLEC1
175	AGA
2638	GC
5145	PDE6A
51473	DCDC2
225689	MAPK15
5108	PCM1
6256	RXRA
9843	HEPH
100302150	MIR1296
390054	OR52A5
10825	NEU3
23274	CLEC16A
54758	KLHDC4
8463	TEAD2
26052	DNM3
2060	EPS15
23169	SLC35D1
8200	GDF5
9584	RBM39
23264	ZC3H7B
11252	PACSIN2
8807	IL18RAP
7145	TNS1
14	AAMP
2596	GAP43
151636	DTX3L
2624	GATA2
56920	SEMA3G
54908	SPDL1
387103	CENPW
79541	OR2A4
222229	LRWD1
23148	NACAD
11014	KDELR2
2747	GLUD2
374470	C12orf42
729873	TBC1D3
119395	CALHM3
5962	RDX
89944	GLB1L2
25884	CHRDL2
405753	DUOXA2
53346	TM6SF1
3480	IGF1R
55815	TSNAXIP1
863	CBFA2T3
54799	MBTD1
80000	GREB1L
84134	TOMM40L
22977	AKR7A3
27285	TEKT2
3976	LIF
3761	KCNJ4
57669	EPB41L5
8502	PKP4
56922	MCCC1
1857	DVL3
8618	CADPS
4968	OGG1
4717	NDUFC1
375484	SIMC1
9319	TRIP13
57691	KIAA1586
441282	AKR1B15
157570	ESCO2
9099	USP2
116337	PANX3
10418	SPON1
417	ART1
4326	MMP17
55051	NRDE2
90427	BMF
342132	ZNF774
342357	ZKSCAN2
55911	APOBR
3163	HMOX2
55308	DDX19A
57615	ZNF492
51043	ZBTB7B
4063	LY9
337971	KRTAP19-4
3141	HLCS
23481	PES1
3557	IL1RN
2043	EPHA4
151742	PPM1L
10815	CPLX1
153222	CREBRF
55809	TRERF1
100142659	CTAGE8
138883	OR1N1
320	APBA1
3437	IFIT3
283149	BCL9L
399881	HNRNPKP3
160298	C11orf42
441639	OR9K2
85406	DNAJC14
28526	TRDC
9786	KIAA0586
283571	PROX2
22938	SNW1
55329	MNS1
4643	MYO1E
390616	ANKRD34C
2521	FUS
201305	SPNS3
1528	CYB5A
85360	SYDE1
8672	EIF4G3
732	C8B
126969	SLC44A3
140733	MACROD2
51733	UPB1
200734	SPRED2
4057	LTF
55276	PGM2
5158	PDE6B
10112	KIF20A
56135	PCDHAC1
3161	HMMR
54514	DDX4
79865	TREML2
54517	PUS7
10049	DNAJB6
9069	CLDN12
27299	ADAMDEC1
54881	TEX10
5151	PDE8A
51306	FAM13B
401647	GOLGA7B
915	CD3D
54860	MS4A12
11318	GPR182
122402	TDRD9
390442	OR11H4
11177	BAZ1A
124842	TMEM132E
146664	MGAT5B
727758	ROCK1P1
55205	ZNF532
23383	MAU2
10226	PLIN3
79469	DLEU2L
149954	BPIFB4
81061	OR11H1
5455	POU3F3
25780	RASGRP3
23433	RHOQ
400954	EML6
10618	TGOLN2
199223	TTC21A
6787	NEK4
5431	POLR2B
55255	WDR41
83989	FAM172A
11149	BVES
6878	TAF6
3612	IMPA1
6130	RPL7A
219	ALDH1B1
54754	NUTM2F
8270	LAGE3
6229	RPS24
54663	WDR74
4633	MYL2
5939	RBMS2
92797	HELB
374462	PTPRQ
143	PARP4
55159	RFWD3
642	BLMH
117584	RFFL
1311	COMP
126433	FBXO27
5670	PSG2
79814	AGMAT
54583	EGLN1
92737	DNER
28990	ASTE1
6747	SSR3
57560	IFT80
10686	CLDN16
116966	WDR17
84240	ZCCHC9
2766	GMPR
223117	SEMA3D
203074	PRSS55
2625	GATA3
140461	ASB8
29110	TBK1
160419	C12orf50
91833	WDR20
3831	KLC1
58157	NGB
5346	PLIN1
55715	DOK4
124535	HSF5
27134	TJP3
92285	ZNF585B
5990	RFX2
117157	SH2D1B
3756	KCNH1
140893	RBBP8NL
3176	HNMT
6750	SST
10460	TACC3
7424	VEGFC
22998	LIMCH1
339965	CCDC158
7322	UBE2D2
51289	RXFP3
133418	EMB
6005	RHAG
54511	HMGCLL1
24146	CLDN15
254048	UBN2
136242	PRSS37
9586	CREB5
346562	GNAT3
30010	NXPH1
1584	CYP11B1
347168	OR1J1
253650	ANKRD18A
10479	SLC9A6
84631	SLITRK2
390271	OR8B3
3758	KCNJ1
605	BCL7A
57696	DDX55
64112	MOAP1
161176	SYNE3
90417	KNSTRN
10040	TOM1L1
146779	EFCAB3
1785	DNM2
29911	HOOK2
5989	RFX1
4921	DDR2
9859	CEP170
79442	LRRC2
2298	FOXD4
79896	THNSL1
27063	ANKRD1
64066	MMP27
143570	XRRA1
5801	PTPRR
144811	LACC1
29766	TMOD3
84465	MEGF11
9114	ATP6V0D1
10232	MSLN
51547	SIRT7
566	AZU1
1889	ECE1
127623	OR2B11
5724	PTAFR
79953	SYNDIG1
149951	COMMD7
5798	PTPRN
3795	KHK
6538	SLC6A11
51163	DBR1
2266	FGG
689	BTF3
346689	KLRG2
57595	PDZD4
139285	AMER1
118472	ZNF511
414149	ACBD7
796	CALCA
81532	MOB2
79780	CCDC82
6910	TBX5
6334	SCN8A
58158	NEUROD4
390436	OR4K17
92579	G6PC3
146850	PIK3R6
64863	METTL4
9663	LPIN2
84307	ZNF397
57130	ATP13A1
641649	TMEM91
342908	ZNF404
147912	SIX5
55432	YOD1
359948	IRF2BP2
391194	OR2M2
339487	ZBTB8OS
1677	DFFB
7389	UROD
4174	MCM5
113828	FAM83F
26056	RAB11FIP5
23397	NCAPH
23043	TNIK
54899	PXK
10891	PPARGC1A
6452	SH3BP2
7700	ZNF141
134265	AFAP1L1
6732	SRPK1
221357	GSTA5
26130	GAPVD1
79109	MAPKAP1
6837	MED22
55582	KIF27
9968	MED12
6567	SLC16A2
7753	ZNF202
2313	FLI1
2620	GAS2
7189	TRAF6
5913	RAPSN
400073	C12orf76
3679	ITGA7
6866	TAC3
6144	RPL21
9240	PNMA1
9717	SEC14L5
63922	CHTF18
84074	QRICH2
63893	UBE2O
4161	MC5R
147837	ZNF563
388512	CLEC17A
148066	ZNRF4
116835	HSPA12B
81030	ZBP1
55679	LIMS2
23190	UBXN4
8941	CDK5R2
28892	IGKV1D-42
55254	TMEM39A
2257	FGF12
26025	PCDHGA12
1843	DUSP1
2255	FGF10
254394	MCM9
1797	DXO
2875	GPT
51201	ZDHHC2
158427	TSTD2
79868	ALG13
2158	F9
220992	ZNF485
85416	ZIC5
1198	CLK3
398	ARHGDIG
9703	KIAA0100
84203	TXNDC2
6915	TBXA2R
1178	CLC
128360	OR10T2
391123	VSIG8
57147	SCYL3
90853	SPOCD1
79871	RPAP2
9394	HS6ST1
201895	SMIM14
54490	UGT2B28
1657	DMXL1
375444	C5orf34
3190	HNRNPK
54414	SIAE
4246	SCGB2A1
23201	FAM168A
80018	NAA25
122740	OR4K14
5046	PCSK6
54852	PAQR5
55323	LARP6
10933	MORF4L1
1394	CRHR1
284076	TTLL6
162282	ANKFN1
79665	DHX40
11314	CD300A
57834	CYP4F11
9745	ZNF536
22996	TTC39A
54680	ZNHIT6
1114	CHGB
23654	PLXNB2
57117	INTS12
10427	SEC24B
10568	SLC34A2
56113	PCDHGA2
117608	ZNF354B
340152	ZC3H12D
5232	PGK2
4034	LRCH4
4061	LY6E
55893	ZNF395
64922	LRRC19
10009	ZBTB33
389898	UBE2NL
9033	PKD2L1
399814	C10orf120
643418	LIPN
7704	ZBTB16
81300	OR4P4
23389	MED13L
1102	RCBTB2
145282	MIPOL1
1133	CHRM5
51103	NDUFAF1
2886	GRB7
51529	ANAPC11
284439	SLC25A42
83987	CCDC8
6814	STXBP3
2780	GNAT2
51506	UFC1
391189	OR11L1
22823	MTF2
1059	CENPB
140258	KRTAP13-1
53820	RIPPLY3
114904	C1QTNF6
25801	GCA
57337	SENP7
11070	TMEM115
55858	TMEM165
3184	HNRNPD
7180	CRISP2
6608	SMO
23382	AHCYL2
64005	MYO1G
26995	TRUB2
1193	CLIC2
7073	TIAL1
3778	KCNMA1
3224	HOXC8
382	ARF6
3990	LIPC
646892	SH2D7
487	ATP2A1
6720	SREBF1
124857	WFIKKN2
26664	OR7C1
79575	ABHD8
467	ATF3
79862	ZNF669
100132288	TEKT4P2
785	CACNB4
5270	SERPINE2
51540	SCLY
80012	PHC3
170960	ZNF721
9778	KIAA0232
6935	ZEB1
80195	TMEM254
57559	STAMBPL1
338661	TMEM225
5970	RELA
55206	SBNO1
161247	FITM1
9028	RHBDL1
9294	S1PR2
163087	ZNF383
8189	SYMPK
554210	MIR429
260425	MAGI3
1653	DDX1
3329	HSPD1
1462	VCAN
1906	EDN1
340441	POTEA
54552	GNL3L
5241	PGR
25891	PAMR1
143678	C11orf94
6433	SFSWAP
10635	RAD51AP1
9573	GDF3
2254	FGF9
4130	MAP1A
10664	CTCF
3975	LHX1
54883	CWC25
58488	PCTP
350	APOH
50628	GEMIN4
10982	MAPRE2
83876	MRO
284371	ZNF841
81626	SHCBP1L
128061	C1orf131
343563	OR2T29
55223	TRIM62
63967	CLSPN
54923	LIME1
55571	CNOT11
11262	SP140
5504	PPP1R2
60592	SCOC
3818	KLKB1
23244	PDS5A
81688	C6orf62
57109	REXO4
6535	SLC6A8
26091	HERC4
142891	SAMD8
653247	PRB2
29095	ORMDL2
8693	GALNT4
5611	DNAJC3
3494	IGHA2
1215	CMA1
7874	USP7
4160	MC4R
26993	AKAP8L
558	AXL
126133	ALDH16A1
2358	FPR2
79042	TSEN34
548594	KIR3DP1
10332	CLEC4M
7675	ZNF121
10903	MTMR11
353137	LCE1F
27173	SLC39A1
6232	RPS27
6258	RXRG
55532	SLC30A10
6548	SLC9A1
692085	SNORD45C
140699	MROH8
4159	MC3R
130367	SGPP2
7707	ZNF148
4154	MBNL1
2994	GYPB
6222	RPS18
54209	TREM2
54968	TMEM70
216	ALDH1A1
11238	CA5B
100133308	RSU1P2
643414	LIPK
10938	EHD1
254102	EHBP1L1
399697	CTXN2
64220	STRA6
64174	DPEP2
79986	ZNF702P
126637	TCHHL1
9191	DEDD
2165	F13B
1912	PHC2
51230	PHF20
56667	MUC13
64084	CLSTN2
23657	SLC7A11
2557	GABRA4
7466	WFS1
348932	SLC6A18
133690	CAPSL
5144	PDE4D
23635	SSBP2
26695	OR2U1P
256227	STEAP1B
9991	PTBP3
11191	PTENP1
84548	TMEM185A
100130935	CSAG4
22895	RPH3A
79661	NEIL1
147172	LRRC37BP1
5664	PSEN2
5660	PSAP
10581	IFITM2
643376	BTBD18
55198	APPL2
207	AKT1
567	B2M
79400	NOX5
7126	TNFAIP1
4222	MEOX1
9441	MED26
3811	KIR3DL1
477	ATP1A2
3080	CFHR2
1604	CD55
1491	CTH
337976	KRTAP20-2
64682	ANAPC1
2034	EPAS1
2107	ETF1
65989	DLK2
10434	LYPLA1
27067	STAU2
340527	NHSL2
4675	NAP1L3
105	ADARB2
11095	ADAMTS8
7748	ZNF195
9479	MAPK8IP1
84285	EIF1AD
23529	CLCF1
1717	DHCR7
23241	PACS2
3493	IGHA1
55320	MIS18BP1
79875	THSD4
9154	SLC28A1
84231	TRAF7
3886	KRT35
83990	BRIP1
23461	ABCA5
2584	GALK1
83889	WDR87
79168	LILRA6
1188	CLCNKB
493	ATP2B4
84676	TRIM63
255738	PCSK9
6919	TCEA2
3357	HTR2B
79833	GEMIN6
7444	VRK2
84657	LINC00852
55186	SLC25A36
6480	ST6GAL1
56128	PCDHB8
10318	TNIP1
8645	KCNK5
7942	TFEB
50640	PNPLA8
5644	PRSS1
53616	ADAM22
445	ASS1
138639	PTPDC1
6302	TSPAN31
54841	BIVM
1024	CDK8
84075	FSCB
597	BCL2A1
54475	NLE1
4927	NUP88
126069	ZNF491
6281	S100A10
55108	BSDC1
55734	ZFP64
6721	SREBF2
51141	INSIG2
3069	HDLBP
2960	GTF2E1
26018	LRIG1
56123	PCDHB13
7932	OR2H2
57541	ZNF398
2902	GRIN1
117196	MRGPRX4
7299	TYR
10645	CAMKK2
55596	ZCCHC8
114795	TMEM132B
121441	NEDD1
146223	CMTM4
5598	MAPK7
8689	KRT36
1442	CSH1
4868	NPHS1
284486	THEM5
54865	GPATCH4
23528	ZNF281
64960	MRPS15
57644	MYH7B
8566	PDXK
678	ZFP36L2
2110	ETFDH
6584	SLC22A5
9925	ZBTB5
728343	NXF2B
367	AR
4303	FOXO4
5406	PNLIP
93550	ZFAND4
341418	OR6C4
26253	CLEC4E
123041	SLC24A4
3705	ITPK1
51218	GLRX5
23060	ZNF609
10517	FBXW10
51629	SLC25A39
9744	ACAP1
728	C5AR1
148281	SYT6
23248	RPRD2
9261	MAPKAPK2
7398	USP1
22888	UBOX5
11190	CEP250
100874530	APOBEC3B-AS1
83746	L3MBTL2
390	RND3
26339	OR5K1
3550	IK
83443	SF3B5
51439	FAM8A1
2162	F13A1
5238	PGM3
51608	GET4
54809	SAMD9
8928	FOXH1
286097	MICU3
5533	PPP3CC
55234	SMU1
1831	TSC22D3
55526	DHTKD1
220965	FAM13C
6947	TCN1
56834	GPR137
10312	TCIRG1
11108	PRDM4
23479	ISCU
55270	NUDT15
84312	BRMS1L
5663	PSEN1
10948	STARD3
85285	KRTAP4-1
124751	KRBA2
117286	CIB3
26145	IRF2BP1
59348	ZNF350
147686	ZNF418
56957	OTUD7B
4520	MTF1
129285	PPP1R21
8802	SUCLG1
64343	AZI2
7366	UGT2B15
2690	GHR
84547	PGBD1
2146	EZH2
10922	FASTK
90990	KIFC2
55284	UBE2W
6998	TDGF1P3
7499	XG
399823	FOXI2
51371	POMP
22873	DZIP1
376267	RAB15
23604	DAPK2
1544	CYP1A2
1106	CHD2
9739	SETD1A
221191	PRSS54
57513	CASKIN2
11129	CLASRP
25818	KLK5
5802	PTPRS
9372	ZFYVE9
140880	CST11
9619	ABCG1
51586	MED15
5880	RAC2
4705	NDUFA10
9784	SNX17
130589	GALM
286749	STON1-GTF2A1L
7360	UGP2
55349	CHDH
1816	DRD5
154	ADRB2
3796	KIF2A
167838	TXLNB
84553	FAXC
611	OPN1SW
9883	POM121
29988	SLC2A8
158038	LINGO2
23586	DDX58
8409	UXT
64219	PJA1
81539	SLC38A1
3890	KRT84
114659	LRRC37B
11072	DUSP14
375341	C3orf62
6569	SLC34A1
8737	RIPK1
340419	RSPO2
55366	LGR4
727708	SNORD116-19
4155	MBP
28775	IGLV7-46
9901	SRGAP3
152518	NFXL1
5522	PPP2R2C
2245	FGD1
4761	NEUROD2
26577	PCOLCE2
831	CAST
161	AP2A2
144193	AMDHD1
2835	GPR12
9990	SLC12A6
25963	TMEM87A
302	ANXA2
51451	LCMT1
146556	C16orf89
64180	DPEP3
100885850	PTGES3L-AARSD1
81448	OR6K2
89866	SEC16B
728621	CCDC30
54596	L1TD1
150350	ENTHD1
5581	PRKCE
285346	ZNF852
23158	TBC1D9
91975	ZNF300
134860	TAAR9
54753	ZNF853
7743	ZNF189
26735	OR1L3
11046	SLC35D2
412	STS
79366	HMGN5
387640	SKIDA1
58529	MYOZ1
55800	SCN3B
220296	HEPACAM
120586	OR8I2
57558	USP35
92293	TMEM132C
5557	PRIM1
84698	CAPS2
26224	FBXL3
145567	TTC7B
619189	SERINC4
390598	SKOR1
5780	PTPN9
146225	CMTM2
117166	WFIKKN1
83659	TEKT1
10755	GIPC1
81492	RSPH6A
125965	COX6B2
79574	EPS8L3
126626	GABPB2
127602	DNAH14
441933	OR13G1
267002	PGBD2
3061	HCRTR1
23786	BCL2L13
84172	POLR1B
200576	PIKFYVE
84168	ANTXR1
3631	INPP4A
8553	BHLHE40
54510	PCDH18
84709	MGARP
132949	AASDH
90624	LYRM7
6678	SPARC
153657	TTC23L
29940	DSE
29777	ABT1
3605	IL17A
154865	IQUB
2791	GNG11
5862	RAB2A
56262	LRRC8A
55958	KLHL9
54880	BCOR
8573	CASK
63904	DUSP21
7582	ZNF33B
5979	RET
219899	TBCEL
93661	CAPZA3
894	CCND2
3225	HOXC9
93058	COQ10A
50616	IL22
6263	RYR3
10681	GNB5
54816	ZNF280D
81871	KRTAP4-6
26539	OR10H1
125875	CLDND2
6158	RPL28
728661	SLC35E2B
7307	U2AF1
114805	GALNT13
200728	TMEM17
8893	EIF2B5
9975	NR1D2
57467	HHATL
29930	PCDHB1
815	CAMK2A
51696	HECA
5269	SERPINB6
55922	NKRF
64061	TSPYL2
100499405	LINC00987
83755	KRTAP4-12
27315	PGAP2
1143	CHRNB4
128853	DUSP15
5740	PTGIS
199221	DZIP1L
3305	HSPA1L
1738	DLD
144100	PLEKHA7
7351	UCP2
55500	ETNK1
196394	AMN1
79317	OR4K5
79728	PALB2
124583	CANT1
9063	PIAS2
148203	ZNF738
5348	FXYD1
55786	ZNF415
140	ADORA3
103	ADAR
23385	NCSTN
162	AP1B1
3987	LIMS1
6801	STRN
23200	ATP11B
51274	KLF3
2519	FUCA2
10846	PDE10A
23643	LY96
113220	KIF12
55558	PLXNA3
254065	BRWD3
5662	PSD
118490	MSS51
100133545	MRPL23-AS1
586	BCAT1
4140	MARK3
9836	LCMT2
5597	MAPK6
3859	KRT12
54814	QPCTL
58506	SCAF1
3953	LEPR
51497	NELFCD
24148	PRPF6
436	ASLP1
3554	IL1R1
165055	CCDC138
699	BUB1
165215	FAM171B
25852	ARMC8
9794	MAML1
154064	RAET1L
170954	PPP1R18
221061	FAM171A1
2977	GUCY1A2
120376	COLCA2
2346	FOLH1
220388	CCDC89
5800	PTPRO
25938	HEATR5A
161635	CSNK1A1P1
7385	UQCRC2
386757	SLC6A10P
9618	TRAF4
201140	DHRS7C
7541	ZBTB14
65249	ZSWIM4
57822	GRHL3
4678	NASP
201625	DNAH12
257236	CCDC96
7185	TRAF1
94134	ARHGAP12
3636	INPPL1
29915	HCFC2
23108	RAP1GAP2
23460	ABCA6
1463	NCAN
114783	LMTK3
317703	VN1R4
93185	IGSF8
7113	TMPRSS2
9567	GTPBP1
84661	DPY30
84517	ACTRT3
100130733	LRRC70
79666	PLEKHF2
80256	FAM214B
441521	CT45A5
11181	TREH
4798	NFRKB
23426	GRIP1
28466	IGHV1-45
390538	OR4M2
5045	FURIN
83886	PRSS27
23396	PIP5K1C
64218	SEMA4A
22880	MORC2
9855	FARP2
7781	SLC30A3
72	ACTG2
2743	GLRB
4967	OGDH
91147	TMEM67
1621	DBH
6170	RPL39
6748	SSR4
3028	HSD17B10
4942	OAT
257160	RNF214
440021	KRTAP5-2
81282	OR51G2
390167	OR5M10
1407	CRY1
28981	IFT81
4704	NDUFA9
341416	OR6C2
23592	LEMD3
55068	ENOX1
8848	TSC22D1
3183	HNRNPC
3002	GZMB
57156	TMEM63C
90850	ZNF598
100526830	SLX1A-SULT1A3
23531	MMD
201266	SLC39A11
6904	TBCD
148014	TTC9B
55762	ZNF701
51102	MECR
1907	EDN2
3104	ZBTB48
7052	TGM2
6789	STK4
4318	MMP9
23762	OSBP2
80339	PNPLA3
3676	ITGA4
58538	MPP4
55676	SLC30A6
56941	HMCES
9180	OSMR
116843	SLC18B1
2918	GRM8
619373	MBOAT4
253943	YTHDF3
92399	MRRF
392390	OR1L6
5264	PHYH
6008	RHEBP1
55004	LAMTOR1
80024	SLC8B1
5985	RFC5
10198	MPHOSPH9
1663	DDX11
57062	DDX24
7566	ZNF18
26073	POLDIP2
7484	WNT9B
25959	KANK2
126070	ZNF440
64926	RASAL3
84167	C19orf44
23547	LILRA4
1117	CHI3L2
3930	LBR
3800	KIF5C
5746	PTH2R
344657	LRRIQ4
22916	NCBP2
5364	PLXNB1
9752	PCDHA9
133686	NADK2
9474	ATG5
55074	OXR1
3551	IKBKB
81796	SLCO5A1
169611	OLFML2A
51510	CHMP5
6096	RORB
5871	MAP4K2
94	ACVRL1
253970	SFTA3
3091	HIF1A
26000	TBC1D10B
353149	TBC1D26
494188	FBXO47
23031	MAST3
51231	VRK3
55210	ATAD3A
51514	DTL
9825	SPATA2
10732	TCFL5
84861	KLHL22
55020	TTC38
5757	PTMA
3273	HRG
10636	RGS14
51175	TUBE1
4289	MKLN1
7458	EIF4H
10371	SEMA3A
51606	ATP6V1H
1438	CSF2RA
26548	ITGB1BP2
6192	RPS4Y1
118663	BTBD16
2132	EXT2
2206	MS4A2
2950	GSTP1
83892	KCTD10
23519	ANP32D
3229	HOXC13
122769	LRR1
145508	CEP128
3671	ISLR
124056	NOXO1
23098	SARM1
9002	F2RL3
7639	ZNF85
342933	ZSCAN5B
8498	RANBP3
57470	LRRC47
58495	OVOL2
23780	APOL2
84084	RAB6C
165530	CLEC4F
150483	TEKT4
57018	CCNL1
201627	DENND6A
10586	MAB21L2
152519	NIPAL1
8671	SLC4A4
9547	CXCL14
245915	DEFB112
54905	CYP2W1
138009	DCAF4L2
92715	DPH7
3561	IL2RG
219699	UNC5B
283579	C14orf178
29906	ST8SIA5
54862	CC2D1A
23474	ETHE1
6006	RHCE
1996	ELAVL4
58490	RPRD1B
388818	KRTAP26-1
253639	ZNF620
3182	HNRNPAB
7319	UBE2A
139741	ACTRT1
139599	MAGEE2
56165	TDRD1
84890	ADO
5630	PRPH
653390	RRN3P2
10514	MYBBP1A
27076	LYPD3
284451	ODF3L2
23645	PPP1R15A
90231	KIAA2013
1401	CRP
6504	SLAMF1
135	ADORA2A
29798	C2orf27A
92906	HNRNPLL
79598	CEP97
56099	PCDHGB7
5601	MAPK9
7036	TFR2
840	CASP7
283450	HECTD4
6231	RPS26
26175	TMEM251
653492	PSG10P
114026	ZIM3
5906	RAP1A
79639	TMEM53
375790	AGRN
400831	C20orf202
10168	ZNF197
7375	USP4
11127	KIF3A
114825	PWWP2A
346606	MOGAT3
349136	WDR86
136895	C7orf31
55971	BAIAP2L1
554	AVPR2
10916	MAGED2
389874	ZCCHC13
283130	SLC25A45
5684	PSMA3
3712	IVD
51762	RAB8B
255027	MPV17L
55027	HEATR3
8386	OR1D5
57003	CCDC47
6820	SULT2B1
10286	BCAS2
2210	FCGR1B
65005	MRPL9
730811	MYT1L-AS1
55831	EMC3
152815	THAP6
94120	SYTL3
81628	TSC22D4
81858	SHARPIN
5358	PLS3
414301	DDI1
10278	EFS
5583	PRKCH
92736	OTOP2
3752	KCND3
79098	C1orf116
64766	S100PBP
55268	ECHDC2
940	CD28
57624	NYAP2
10117	ENAM
781	CACNA2D1
6641	SNTB1
90316	TGIF2LX
399979	SNX19
5897	RAG2
338675	OR5AP2
4604	MYBPC1
144608	C12orf60
121506	ERP27
160418	TMTC3
5106	PCK2
2100	ESR2
7752	ZNF200
64518	TEKT3
8392	OR3A3
353288	KRT26
51751	HIGD1B
84366	PRAC1
6427	SRSF2
56242	ZNF253
85300	ATCAY
23152	CIC
100170229	SRRM5
55083	KIF26B
51512	GTSE1
117156	SCGB3A2
6941	TCF19
10957	PNRC1
136991	ASZ1
1607	DGKB
139081	MAGEC3
56624	ASAH2
79820	CATSPERB
1445	CSK
3745	KCNB1
659	BMPR2
100506658	OCLN
85865	GTPBP10
29763	PACSIN3
928	CD9
28444	IGHV3-21
8131	NPRL3
3744	KCNA10
10342	TFG
256356	GK5
63027	SLC22A23
79872	CBLL1
81318	OR4A5
115399	LRRC56
219469	OR8H1
219959	OR1S1
10004	NAALADL1
7334	UBE2N
28662	TRAV21
146279	TEKT5
65266	WNK4
374768	SPEM1
201294	UNC13D
8529	CYP4F2
282617	IFNL3
127074	OR2T4
127069	OR2T10
84365	NIFK
50485	SMARCAL1
51560	RAB6B
56996	SLC12A9
653361	NCF1
8295	TRRAP
10655	DMRT2
727	C5
10245	TIMM17B
823	CAPN1
283232	TMEM80
65987	KCTD14
55605	KIF21A
1594	CYP27B1
122042	RXFP2
115825	WDFY2
90864	SPSB3
29108	PYCARD
5493	PPL
29100	TMEM208
9842	PLEKHM1
55065	SLC52A1
84643	KIF2B
85451	UNK
4218	RAB8A
55260	TMEM143
278	AMY1C
5549	PRELP
10136	CELA3A
431707	LHX8
22918	CD93
54101	RIPK4
200316	APOBEC3F
129881	CCDC173
2177	FANCD2
132789	GNPDA2
8697	CDC23
84830	ADTRP
51373	MRPS17
9265	CYTH3
27342	RABGEF1
6119	RPA3
83696	TRAPPC9
6129	RPL7
2801	GOLGA2
79576	NKAP
8450	CUL4B
6792	CDKL5
80310	PDGFD
1948	EFNB2
338427	SNORD108
54839	LRRC49
57611	ISLR2
3418	IDH2
3299	HSF4
4669	NAGLU
84823	LMNB2
22883	CLSTN1
692084	SNORD13
650368	TSSC2
116512	MRGPRD
56341	PRMT8
1880	GPR183
90525	SHF
348254	CCDC144CP
55720	TSR1
92591	ASB16
79003	MIS12
10966	RAB40B
3998	LMAN1
11316	COPE
55741	EDEM2
5775	PTPN4
2571	GAD1
26146	TRAF3IP1
1427	CRYGS
79658	ARHGAP10
55236	UBA6
9457	FHL5
273	AMPH
11093	ADAMTS13
5125	PCSK5
2539	G6PD
84896	ATAD1
3359	HTR3A
1500	CTNND1
55727	BTBD7
55055	ZWILCH
4843	NOS2
201292	TRIM65
5957	RCVRN
1089	CEACAM4
7138	TNNT1
79603	CERS4
333926	PPM1J
51668	HSPB11
127255	LRRIQ3
25966	C2CD2
100302652	GPR75-ASB3
129642	MBOAT2
56999	ADAMTS9
5019	OXCT1
3670	ISL1
154150	HDGFL1
346673	STRA8
6781	STC1
4173	MCM4
137872	ADHFE1
6505	SLC1A1
2239	GPC4
55343	SLC35C1
2011	MARK2
30008	EFEMP2
196549	EEF1DP3
54989	ZNF770
146177	VWA3A
1837	DTNA
284349	ZNF283
79230	ZNF557
3158	HMGCS2
26768	SNORA73B
245936	DEFB123
414918	DENND6B
7476	WNT7A
26958	COPG2
8733	GPAA1
51092	SIDT2
115761	ARL11
146212	KCTD19
23277	CLUH
2067	ERCC1
353131	LCE1A
23154	NCDN
23332	CLASP1
6519	SLC3A1
8856	NR1I2
64393	ZMAT3
8646	CHRD
348938	NIPAL4
54888	NSUN2
3156	HMGCR
4841	NONO
119467	CLRN3
219865	OR8G5
26259	FBXW8
5100	PCDH8
64184	EDDM3B
8650	NUMB
8477	GPR65
51701	NLK
40	ASIC2
57690	TNRC6C
125228	FAM210A
29985	SLC39A3
9673	SLC25A44
9019	MPZL1
91544	UBXN11
80149	ZC3H12A
84069	PLEKHN1
29980	DONSON
3162	HMOX1
2736	GLI2
92935	MARS2
8452	CUL3
5610	EIF2AK2
55032	SLC35A5
79364	ZXDC
2047	EPHB1
128	ADH5
55763	EXOC1
5311	PKD2
408263	FNDC9
821	CANX
7518	XRCC4
27000	DNAJC2
58498	MYL7
58500	ZNF250
2137	EXTL3
100422911	MIR500B
54954	FAM120C
55742	PARVA
5058	PAK1
10873	ME3
51258	MRPL51
283629	TSSK4
57475	PLEKHH1
55813	UTP6
4905	NSF
729747	ZNF878
64763	ZNF574
55103	RALGPS2
55650	PIGV
4725	NDUFS5
386680	KRTAP10-5
23541	SEC14L2
1123	CHN1
130749	CPO
55167	MSL2
152137	CCDC50
89782	LMLN
956	ENTPD3
65008	MRPL1
28965	SLC27A6
5515	PPP2CA
285622	NBPF22P
79692	ZNF322
55281	TMEM140
155006	TMEM213
3364	HUS1
137209	ZNF572
27161	AGO2
80005	DOCK5
2053	EPHX2
389643	NUGGC
142684	RAB40A
139425	DCAF8L1
29850	TRPM5
5027	P2RX7
11339	OIP5
10017	BCL2L10
8483	CILP
4496	MT1H
283849	EXOC3L1
197259	MLKL
55244	SLC47A1
57674	RNF213
43849	KLK12
28793	IGLV3-25
56902	PNO1
9027	NAT8
51244	CCDC174
50853	VILL
5580	PRKCD
10861	SLC26A1
51397	COMMD10
435	ASL
3581	IL9R
3098	HK1
4753	NELL2
1602	DACH1
122665	RNASE8
4522	MTHFD1
283576	ZDHHC22
51156	SERPINA10
64127	NOD2
79191	IRX3
124925	SEZ6
27043	PELP1
55125	CEP192
83539	CHST9
55643	BTBD2
9910	RABGAP1L
3776	KCNK2
284716	RIMKLA
55321	TMEM74B
7494	XBP1
166012	CHST13
79884	MAP9
10802	SEC24A
25803	SPDEF
221477	C6orf89
407032	MIR30C2
6624	FSCN1
1581	CYP7A1
138428	PTRH1
441452	SPATA31C1
2824	GPM6B
729396	GAGE12J
23409	SIRT4
339	APOBEC1
64403	CDH24
5083	PAX9
10363	HMG20A
23415	KCNH4
60385	TSKS
79573	TTC13
57449	PLEKHG5
165631	PARP15
5001	ORC5
526	ATP6V1B2
23283	CSTF2T
5571	PRKAG1
122046	TEX26
55757	UGGT2
80110	ZNF614
10005	ACOT8
57468	SLC12A5
93034	NT5C1B
253461	ZBTB38
131578	LRRC15
8842	PROM1
51773	RSF1
50507	NOX4
140807	KRT72
81127	OR4K15
10782	ZNF274
57418	WDR18
10630	PDPN
51605	TRMT6
5905	RANGAP1
2637	GBX2
134359	POC5
438	ASMT
139411	PTCHD1
256536	TCERG1L
7289	TULP3
10810	WASF3
3768	KCNJ12
9146	HGS
54	ACP5
1942	EFNA1
8707	B3GALT2
6518	SLC2A5
23313	KIAA0930
3760	KCNJ3
9654	TTLL4
166929	SGMS2
3248	HPGD
8633	UNC5C
54438	GFOD1
29993	PACSIN1
377630	USP17L2
158248	TTC16
25792	CIZ1
7766	ZNF223
9411	ARHGAP29
1499	CTNNB1
56121	PCDHB15
6586	SLIT3
1794	DOCK2
64065	PERP
8089	YEATS4
56919	DHX33
6827	SUPT4H1
5988	RFPL1
7857	SCG2
130120	REG3G
78987	CRELD1
7350	UCP1
57563	KLHL8
94081	SFXN1
10960	LMAN2
285753	CEP57L1
838	CASP5
4013	VWA5A
5024	P2RX3
3029	HAGH
27159	CHIA
3766	KCNJ10
57732	ZFYVE28
50508	NOX3
221927	BRAT1
11101	ATE1
57097	PARP11
115	ADCY9
54495	TMX3
53827	FXYD5
10753	CAPN9
55629	PNRC2
9127	P2RX6
8930	MBD4
140545	RNF32
26468	LHX6
6609	SMPD1
4637	MYL6
8608	RDH16
2159	F10
51108	METTL9
3430	IFI35
81671	VMP1
645	BLVRB
55356	SLC22A15
9928	KIF14
8569	MKNK1
389158	PLSCR5
3840	KPNA4
339896	GADL1
27152	INTU
57050	UTP3
9987	HNRNPDL
56137	PCDHA12
64759	TNS3
444	ASPH
83549	UCK1
2889	RAPGEF1
2925	GRPR
6832	SUPV3L1
25988	HINFP
29080	CCDC59
22985	ACIN1
54820	NDE1
51747	LUC7L3
100131439	CD300LD
27036	SIGLEC7
23155	CLCC1
164153	UBL4B
34	ACADM
9491	PSMF1
671	BPI
386682	KRTAP10-3
22937	SCAP
25915	NDUFAF3
56977	STOX2
7328	UBE2H
26206	SPAG8
286234	SPATA31E1
81894	SLC25A28
91452	ACBD5
7580	ZNF32
390072	OR52N4
4054	LTBP3
8079	MLF2
4617	MYF5
55102	ATG2B
100033431	SNORD116-20
7177	TPSAB1
1012	CDH13
1101	CHAD
974	CD79B
55250	ELP2
1555	CYP2B6
777	CACNA1E
127845	GOLT1A
58155	PTBP2
5093	PCBP1
10057	ABCC5
55024	BANK1
5458	POU4F2
83894	TTC29
55319	TMA16
6500	SKP1
59336	PRDM13
64598	MOSPD3
27044	SND1
9988	DMTF1
1793	DOCK1
219348	PLAC9
64776	C11orf1
8660	IRS2
9716	AQR
5955	RCN2
390637	GDPGP1
7716	VEZF1
5438	POLR2I
6625	SNRNP70
79788	ZNF665
118427	OLFM3
10768	AHCYL1
54499	TMCO1
163590	TOR1AIP2
403314	APOBEC4
343172	OR2T8
2980	GUCA2A
10964	IFI44L
23542	MAPK8IP2
79853	TM4SF20
79781	IQCA1
84908	FAM136A
64850	ETNPPL
2565	GABRG1
84868	HAVCR2
23118	TAB2
202500	TCTE1
6785	ELOVL4
25998	IBTK
5726	TAS2R38
3620	IDO1
157724	SLC7A13
8237	USP11
3507	IGHM
3690	ITGB3
55620	STAP2
407056	MIR99B
1196	CLK2
148789	B3GALNT2
163351	GBP6
6683	SPAST
168507	PKD1L1
3445	IFNA8
5328	PLAU
79053	ALG8
341568	OR8S1
104472715	SNHG14
8312	AXIN1
3211	HOXB1
9704	DHX34
140612	ZFP28
23767	FLRT3
83737	ITCH
337959	KRTAP13-2
164592	CCDC116
1608	DGKG
116135	LRRC3B
5067	CNTN3
27201	GPR78
4238	MFAP3
2299	FOXI1
26235	FBXL4
402317	OR2A42
5568	PRKACG
1390	CREM
1270	CNTF
8074	FGF23
5265	SERPINA1
321	APBA2
4240	MFGE8
10140	TOB1
7706	TRIM25
11232	POLG2
115350	FCRL1
25778	DSTYK
79707	NOL9
653489	RGPD3
822	CAPG
1360	CPB1
6444	SGCD
106480731	C6orf47-AS1
6677	SPAM1
54714	CNGB3
6788	STK3
3632	INPP5A
646	BNC1
64386	MMP25
494470	RNF165
11284	PNKP
574462	MIR515-1
57119	EPPIN
9014	TAF1B
200424	TET3
150771	ITPRIPL1
23150	FRMD4B
55819	RNF130
50617	ATP6V0A4
79020	C7orf25
54851	ANKRD49
2842	GPR19
1241	LTB4R
122945	NOXRED1
90527	DUOXA1
57524	CASKIN1
23491	CES3
162394	SLFN5
3675	ITGA3
23399	CTDNEP1
9513	FXR2
90011	KIR3DX1
4879	NPPB
163720	CYP4Z2P
189	AGXT
28940	IGKV1-12
10492	SYNCRIP
137797	LYPD2
642475	MROH6
6850	SYK
79649	MAP7D3
90019	SYT8
89869	PLCZ1
79837	PIP4K2C
5170	PDPK1
10194	TSHZ1
90321	ZNF766
10288	LILRB2
84446	BRSK1
127943	FCRLB
1545	CYP1B1
84820	POLR2J4
338440	ANO9
5007	OSBP
3508	IGHMBP2
55835	CENPJ
23741	EID1
54858	PGPEP1
11330	CTRC
80326	WNT10A
2560	GABRB1
84918	LRP11
5506	PPP1R3A
1780	DYNC1I1
286183	NKAIN3
1982	EIF4G2
7070	THY1
89	ACTN3
23011	RAB21
26533	OR10G3
51109	RDH11
84936	ZFYVE19
10693	CCT6B
192666	KRT24
25789	TMEM59L
25912	C1orf43
8832	CD84
23032	USP33
117178	SSX2IP
64114	TMBIM1
323	APBB2
285613	RELL2
51513	ETV7
57488	ESYT2
59335	PRDM12
26149	ZNF658
116085	SLC22A12
55266	TMEM19
171425	CLYBL
54602	NDFIP2
54620	FBXL19
6051	RNPEP
407031	MIR30C1
148398	SAMD11
90187	EMILIN3
54578	UGT1A6
10267	RAMP1
29122	PRSS50
51194	IPO11
5252	PHF1
113763	ZBED6CL
116328	C8orf34
340706	VWA2
283431	GAS2L3
5094	PCBP2
8717	TRADD
65018	PINK1
6497	SKI
10806	SDCCAG8
54994	GID8
9173	IL1RL1
55054	ATG16L1
3699	ITIH3
56104	PCDHGB1
84316	NAA38
6542	SLC7A2
7737	RNF113A
222389	BEND7
7140	TNNT3
9415	FADS2
245911	DEFB108B
7405	UVRAG
84747	UNC119B
113246	C12orf57
348013	TMEM255B
51734	MSRB1
226	ALDOA
84152	PPP1R1B
55379	LRRC59
23208	SYT11
1917	EEF1A2
8208	CHAF1B
1622	DBI
92104	TTC30A
51072	MEMO1
2779	GNAT1
3106	HLA-B
378925	RNF148
84132	USP42
10044	SH2D3C
1289	COL5A1
84966	IGSF21
54707	GPN2
114803	MYSM1
9913	SUPT7L
1404	HAPLN1
57171	DOLPP1
10599	SLCO1B1
8814	CDKL1
81926	ABHD17A
25950	RWDD3
23784	POTEH
554251	FBXO48
54800	KLHL24
81545	FBXO38
6156	RPL30
3442	IFNA5
1184	CLCN5
83641	FAM107B
582	BBS1
5053	PAH
23093	TTLL5
257364	SNX33
204474	PDILT
6340	SCNN1G
10131	TRAP1
109731405	PDXDC2P
27132	CPNE7
146894	CD300LG
9984	THOC1
10856	RUVBL2
4670	HNRNPM
51686	OAZ3
4209	MEF2D
9917	FAM20B
284573	LINC00303
140856	SCP2D1
29104	N6AMT1
2744	GLS
375189	PFN4
7514	XPO1
11344	TWF2
4142	MAS1
51302	CYP39A1
1347	COX7A2
115294	PCMTD1
27130	INVS
91734	IDI2
6865	TACR2
3416	IDE
401667	OR51A2
374395	TMEM179B
64787	EPS8L2
6821	SUOX
84932	RAB2B
317749	DHRS4L2
5875	RABGGTA
23582	CCNDBP1
114294	LACTB
4363	ABCC1
339287	MSL1
11248	NXPH3
4784	NFIX
342926	ZNF677
10045	SH2D3A
57693	ZNF317
79005	SCNM1
1116	CHI3L1
57095	PITHD1
4821	NKX2-2
6185	RPN2
85508	SCRT2
6651	SON
54093	SETD4
4320	MMP11
6241	RRM2
27249	MMADHC
22868	FASTKD2
151473	SLC16A14
64708	COPS7B
64240	ABCG5
25927	CNRIP1
54762	GRAMD1C
1814	DRD3
253559	CADM2
9848	MFAP3L
9652	TTC37
352999	C6orf58
8875	VNN2
5514	PPP1R10
654	BMP6
57786	RBAK
10584	COLEC10
116447	TOP1MT
51633	OTUD6B
347169	OR1B1
2356	FPGS
395	ARHGAP6
8872	CDC123
29118	DDX25
10798	OR5I1
81341	OR10W1
57101	ANO2
5128	CDK17
2585	GALK2
57478	USP31
221223	CES5A
90522	YIF1B
4524	MTHFR
10398	MYL9
4923	NTSR1
259234	DSCR10
23765	IL17RA
55355	HJURP
84129	ACAD11
9685	CLINT1
3268	AGFG2
100289678	ZNF783
8460	TPST1
7551	ZNF3
137682	NDUFAF6
23708	GSPT2
6187	RPS2
124961	ZFP3
81875	ISG20L2
10103	TSPAN1
5075	PAX1
1635	DCTD
55296	TBC1D19
51334	PRR16
972	CD74
26002	MOXD1
93986	FOXP2
643253	CCT6P1
1021	CDK6
8754	ADAM9
23071	ERP44
253738	EBF3
84458	LCOR
6392	SDHD
219870	OR10G9
58487	CREBZF
256710	GLIPR1L1
25834	MGAT4C
390433	OR4K13
204219	CERS3
2923	PDIA3
79029	SPATA5L1
26035	GLCE
388381	C17orf98
22834	ZNF652
9382	COG1
83483	PLVAP
147991	DPY19L3
257062	CATSPERD
147741	ZNF560
204851	HIPK1
922	CD5L
11221	DUSP10
58511	DNASE2B
554226	ANKRD30BL
130502	TTC32
171024	SYNPO2
54532	USP53
6373	CXCL11
285555	STPG2
5429	POLH
84694	GJA10
6561	SLC13A1
595135	PGM5P2
6303	SAT1
2004	ELK3
123876	ACSM2A
26333	OR7A17
339400	FLG-AS1
4237	MFAP2
10026	PIGK
149685	ADIG
116151	FAM210B
54659	UGT1A3
50852	TRAT1
113829	SLC35A4
221421	RSPH9
64418	TMEM168
1807	DPYS
6749	SSRP1
341116	MS4A10
254786	OR6C3
440077	ZNF705A
390445	OR5AU1
84532	ACSS1
1908	EDN3
79074	C2orf49
2840	GPR17
51725	FBXO40
134285	TMEM171
7148	TNXB
55168	MRPS18A
22881	ANKRD6
862	RUNX1T1
2805	GOT1
221078	NSUN6
23310	NCAPD3
120534	ARL14EP
254225	RNF169
53373	TPCN1
11163	NUDT4
9578	CDC42BPB
10419	PRMT5
23405	DICER1
70	ACTC1
54617	INO80
23420	NOMO1
930	CD19
9709	HERPUD1
90313	TP53I13
162461	TMEM92
727676	SNORD118
9306	SOCS6
3337	DNAJB1
440533	PSG8
102238594	SPACA6P-AS
645425	PRAMEF20
7799	PRDM2
8760	CDS2
2778	GNAS
5509	PPP1R3D
2551	GABPA
3454	IFNAR1
9814	SFI1
151531	UPP2
23369	PUM2
6672	SP100
7844	RNF103
9136	RRP9
3600	IL15
950	SCARB2
6695	SPOCK1
9337	CNOT8
30832	ZNF354C
153579	BTNL9
79668	PARP8
10283	CWC27
7287	TULP1
135293	PM20D2
857	CAV1
3751	KCND2
3082	HGF
80139	ZNF703
2515	ADAM2
6386	SDCBP
157777	MCMDC2
5828	PEX2
5004	ORM1
3452	IFNA21
254158	CXorf58
57502	NLGN4X
2785	GNG3
11247	NXPH4
113622	ADPRHL1
64093	SMOC1
55148	UBR7
100033800	SNORD115-23
8741	TNFSF13
91768	CABLES1
2589	GALNT1
83983	TSSK6
57343	ZNF304
10469	TIMM44
3233	HOXD4
6138	RPL15
10895	PPBPP2
154881	KCTD7
55293	UEVLD
56938	ARNTL2
118430	MUCL1
2073	ERCC5
54916	TMEM260
170691	ADAMTS17
283820	NOMO2
22879	MON1B
8288	EPX
2696	GIPR
59285	CACNG6
10657	KHDRBS1
4700	NDUFA6
57556	SEMA6A
202052	DNAJC18
51000	SLC35B3
43	ACHE
81603	TRIM8
5554	PRH1
10239	AP3S2
3213	HOXB3
5573	PRKAR1A
57719	ANO8
79816	TLE6
57185	NIPAL3
8894	EIF2S2
149998	LIPI
134218	DNAJC21
10981	RAB32
1192	CLIC1
25956	SEC31B
9638	FEZ1
84364	ARFGAP2
3502	IGHG3
2342	FNTB
6817	SULT1A1
260434	PYDC1
3038	HAS3
124093	CCDC78
79786	KLHL36
79007	DBNDD1
7188	TRAF5
3925	STMN1
149069	DCDC2B
9341	VAMP3
353332	KRTAP12-1
104	ADARB1
1454	CSNK1E
2181	ACSL3
9881	TRANK1
54861	SNRK
133121	ENPP6
7096	TLR1
4299	AFF1
51237	MZB1
1103	CHAT
3178	HNRNPA1
4752	NEK3
9071	CLDN10
28423	IGHV3-49
5119	CHMP1A
9482	STX8
5669	PSG1
28968	SLC6A16
10781	ZNF266
375	ARF1
10256	CNKSR1
3237	HOXD11
51719	CAB39
23677	SH3BP4
57007	ACKR3
285601	GPR150
5224	PGAM2
84985	FAM83A
2893	GRIA4
91893	FDXACB1
3043	HBB
738	VPS51
84727	SPSB2
3783	KCNN4
93145	OLFM2
10654	PMVK
64834	ELOVL1
51654	CDK5RAP1
54346	UNC93A
9166	EBAG9
10857	PGRMC1
9188	DDX21
57569	ARHGAP20
283150	FOXR1
26586	CKAP2
23168	RTF1
333929	SNAI3
10615	SPAG5
353174	ZACN
127002	ATXN7L2
54797	MED18
23562	CLDN14
56478	EIF4ENIF1
4613	MYCN
116987	AGAP1
27236	ARFIP1
79966	SCD5
56929	FEM1C
3134	HLA-F
813	CALU
51200	CPA4
169714	QSOX2
11172	INSL6
6495	SIX1
84971	ATG4D
1209	CLPTM1
10762	NUP50
8404	SPARCL1
57763	ANKRA2
116039	OSR2
8273	SLC10A3
158880	USP51
54619	CCNJ
10196	PRMT3
84441	MAML2
27345	KCNMB4
55731	FAM222B
1353	COX11
2548	GAA
57787	MARK4
249	ALPL
7809	BSND
130132	RFTN2
10533	ATG7
56955	MEPE
5480	PPIC
90249	UNC5A
259215	LY6G6F
64753	CCDC136
5447	POR
27433	TOR2A
5973	RENBP
6611	SMS
54466	SPIN2A
8892	EIF2B2
54956	PARP16
4016	LOXL1
533	ATP6V0B
29083	GTPBP8
5210	PFKFB4
340120	ANKRD34B
23328	SASH1
26261	FBXO24
7988	ZNF212
170384	FUT11
355	FAS
923	CD6
2621	GAS6
342574	KRT27
79713	IGFLR1
4818	NKG7
54460	MRPS21
55705	IPO9
6160	RPL31
79634	SCRN3
81579	PLA2G12A
7222	TRPC3
55326	AGPAT5
2619	GAS1
22943	DKK1
84457	PHYHIPL
26287	ANKRD2
8898	MTMR2
84915	FAM222A
51561	IL23A
55015	PRPF39
123016	TTC8
100033419	SNORD116-7
23062	GGA2
9755	TBKBP1
55851	PSENEN
9923	ZBTB40
1487	CTBP1
55780	ERMARD
1666	DECR1
441457	NUTM2G
1308	COL17A1
6975	TECTB
2849	GPR26
1642	DDB1
9986	RCE1
29127	RACGAP1
401827	MSLNL
123872	DNAAF1
388730	TMEM81
6118	RPA2
142679	DUSP19
151477	LINC00471
51726	DNAJB11
3122	HLA-DRA
64928	MRPL14
441381	LRRC24
6812	STXBP1
4882	NPR2
23299	BICD2
84061	MAGT1
81328	OR4A15
7465	WEE1
440193	CCDC88C
9153	SLC28A2
6345	SRL
55737	VPS35
5432	POLR2C
79818	ZNF552
130940	CCDC148
56260	C8orf44
9649	RALGPS1
387264	KRTAP5-1
55553	SOX6
390081	OR52E4
219287	AMER2
327657	SERPINA9
2595	GANC
10942	PRSS21
596	BCL2
55295	KLHL26
5051	PAFAH2
1409	CRYAA
81543	LRRC3
2995	GYPC
91404	SESTD1
81606	LBH
805	CALM2
9045	RPL14
258	AMBN
65056	GPBP1
80350	LPAL2
3475	IFRD1
9788	MTSS1
7486	WRN
9328	GTF3C5
79949	PLEKHS1
8879	SGPL1
64210	MMS19
55361	PI4K2A
27087	B3GAT1
219428	OR4C16
192111	PGAM5
283461	C12orf40
7711	ZNF155
65122	PRAMEF2
127833	SYT2
23219	FBXO28
22950	SLC4A1AP
56897	WRNIP1
55754	TMEM30A
55023	PHIP
23212	RRS1
401612	SLC25A53
51303	FKBP11
161725	OTUD7A
10308	ZNF267
29123	ANKRD11
5193	PEX12
7617	ZNF66
5605	MAP2K2
729528	PRAMEF14
3310	HSPA6
200232	FAM209A
55843	ARHGAP15
2917	GRM7
64419	MTMR14
8728	ADAM19
4651	MYO10
4584	MUC3A
154754	PRSS3P2
11112	HIBADH
66036	MTMR9
7464	CORO2A
138429	PIP5KL1
29126	CD274
8027	STAM
4684	NCAM1
5091	PC
1967	EIF2B1
26686	OR4E2
60686	C14orf93
55172	DNAAF2
8558	CDK10
84687	PPP1R9B
147719	LYPD4
100527963	PMF1-BGLAP
1953	MEGF6
55225	RAVER2
91942	NDUFAF2
9765	ZFYVE16
102724473	GAGE10
372	ARCN1
8050	PDHX
3338	DNAJC4
7112	TMPO
84891	ZSCAN10
81620	CDT1
652966	SNORD10
26245	OR2M4
4528	MTIF2
27303	RBMS3
658	BMPR1B
8899	PRPF4B
57150	SMIM8
219285	SAMD9L
51105	PHF20L1
54212	SNTG1
2263	FGFR2
28388	IGHV5-51
1588	CYP19A1
92822	ZNF276
65095	KRI1
26232	FBXO2
4817	NIT1
55758	RCOR3
378807	CATSPER4
140625	ACTRT2
10600	USP16
25972	UNC50
9852	EPM2AIP1
152992	TRMT44
138799	OR13C5
51566	ARMCX3
1305	COL13A1
1240	CMKLR1
9201	DCLK1
51804	SIX4
254531	LPCAT4
753	LDLRAD4
25925	ZNF521
171392	ZNF675
60680	CELF5
2359	FPR3
4000	LMNA
7042	TGFB2
373856	USP41
94101	ORMDL1
60491	NIF3L1
26084	ARHGEF26
9223	MAGI1
55209	SETD5
92305	TMEM129
401124	DTHD1
901	CCNG2
902	CCNH
405754	ERVFRD-1
55227	LRRC1
29803	REPIN1
29896	TRA2A
29881	NPC1L1
8021	NUP214
158521	FMR1NB
4153	MBL2
338662	OR8D4
84660	CCDC62
376132	LRRC10
84101	USP44
56924	PAK6
766	CA7
9058	SLC13A2
84514	GHDC
147138	TMC8
23327	NEDD4L
22920	KIFAP3
29949	IL19
9541	CIR1
1838	DTNB
80157	CWH43
9247	GCM2
81578	COL21A1
56903	PAPOLB
26985	AP3M1
64333	ARHGAP9
4055	LTBR
10038	PARP2
28642	TRAV39
146227	BEAN1
124989	EFCAB13
5216	PFN1
220164	DOK6
170961	ANKRD24
441864	TARM1
11189	CELF3
6487	ST3GAL3
3579	CXCR2
56918	C2orf83
2202	EFEMP1
8507	ENC1
7415	VCP
2002	ELK1
9632	SEC24C
84867	PTPN5
114971	PTPMT1
2120	ETV6
57542	KLHL42
225	ABCD2
1603	DAD1
143471	PSMA8
284433	OR10H5
5768	QSOX1
4595	MUTYH
655	BMP7
3099	HK2
942	CD86
5062	PAK2
55247	NEIL3
9037	SEMA5A
10234	LRRC17
10157	AASS
9805	SCRN1
692094	MSMP
28985	MCTS1
5209	PFKFB3
23647	ARFIP2
51228	GLTP
7421	VDR
6810	STX4
5934	RBL2
2931	GSK3A
147700	KLC3
25903	OLFML2B
5997	RGS2
64710	NUCKS1
6874	TAF4
1281	COL3A1
51057	WDPCP
287015	TRIM42
64399	HHIP
51056	LAP3
64946	CENPH
10385	BTN2A2
3597	IL13RA1
6907	TBL1X
4676	NAP1L4
347902	AMIGO2
84926	SPRYD3
28984	RGCC
57161	PELI2
7369	UMOD
9810	RNF40
6143	RPL19
811	CALR
163255	ZNF540
388551	CEACAM16
29903	CCDC106
7691	ZNF132
9293	GPR52
868	CBLB
23276	KLHL18
64434	NOM1
57805	CCAR2
10863	ADAM28
406987	MIR204
56474	CTPS2
1847	DUSP5
6934	TCF7L2
5407	PNLIPRP1
5832	ALDH18A1
5450	POU2AF1
219986	OR4D11
2700	GJA3
9798	IST1
2232	FDXR
26502	NARF
9927	MFN2
11240	PADI2
163486	DENND1B
79729	SH3D21
127391	TMCO2
56140	PCDHA8
56108	PCDHGA7
10826	FAXDC2
28962	OSTM1
81696	OR5V1
56479	KCNQ5
9603	NFE2L3
79741	CCDC7
159195	USP54
1791	DNTT
9882	TBC1D4
1735	DIO3
4308	TRPM1
7783	ZP2
2689	GH2
115727	RASGRP4
3903	LAIR1
83998	REG4
149461	CLDN19
728882	FAM182B
140831	ZSWIM3
64965	MRPS9
90557	CCDC74A
8607	RUVBL1
7068	THRB
84126	ATRIP
2822	GPLD1
83787	ARMC10
6978	TRGV5
26024	PTCD1
1260	CNGA2
56	ACRV1
402	ARL2
79912	PYROXD1
10526	IPO8
390649	OR4F15
360226	PRSS41
25839	COG4
8140	SLC7A5
126014	OSCAR
29924	EPN1
10250	SRRM1
3232	HOXD3
23363	OBSL1
90407	TMEM41A
8320	EOMES
23024	PDZRN3
85027	SMIM3
27430	MAT2B
7431	VIM
440041	TRIM51HP
79657	RPAP3
10988	METAP2
30009	TBX21
350383	GPR142
9525	VPS4B
64121	RRAGC
27107	ZBTB11
84522	JAGN1
80319	CXXC4
340024	SLC6A19
23008	KLHDC10
375567	VWC2
347051	SLC10A5
158293	FAM120AOS
10761	PLAC1
338596	ST8SIA6
3433	IFIT2
4312	MMP1
55226	NAT10
81327	OR4A16
390245	KDM4E
9147	NEMF
11143	KAT7
3607	FOXK2
199699	DAND5
54760	PCSK4
5976	UPF1
79760	GEMIN7
390882	OR7G2
6847	SYCP1
50717	DCAF8
8444	DYRK3
84879	MFSD2A
55624	POMGNT1
85359	DGCR6L
10738	RFPL3
25777	SUN2
8520	HAT1
6478	SIAH2
344787	ZNF860
3033	HADH
22836	RHOBTB3
221718	LINC00518
11055	ZPBP
222865	TMEM130
55246	CCDC25
51209	RAB9B
9354	UBE4A
8424	BBOX1
283554	GPR137C
26689	OR4D1
84335	AKT1S1
65121	PRAMEF1
57645	POGK
89780	WNT3A
129804	FBLN7
23198	PSME4
285605	DTWD2
11254	SLC6A14
119587	CPXM2
389941	C1QL3
3316	HSPB2
283160	OR8D2
7069	THRSP
161779	PGBD4
64847	SPATA20
57572	DOCK6
100287722	AP4B1-AS1
400757	C1orf141
150280	HORMAD2
10135	NAMPT
157567	ANKRD46
1993	ELAVL2
5251	PHEX
79746	ECHDC3
9646	CTR9
5029	P2RY2
144448	TSPAN19
3613	IMPA2
2193	FARSA
523	ATP6V1A
6657	SOX2
55152	DALRD3
125	ADH1B
132989	C4orf36
23731	TMEM245
54462	CCSER2
6815	STYX
114791	TUBGCP5
145942	TMCO5A
92922	CCDC102A
3880	KRT19
283985	FADS6
64773	PCED1A
29774	POM121L9P
11015	KDELR3
200350	FOXD4L1
150737	TTC30B
4211	MEIS1
79963	ABCA11P
132884	EVC2
167127	UGT3A2
8521	GCM1
81567	TXNDC5
81551	STMN4
138050	HGSNAT
51759	C9orf78
51114	ZDHHC9
5599	MAPK8
10718	NRG3
338872	C1QTNF9
1511	CTSG
9369	NRXN3
80153	EDC3
8390	OR1G1
79990	PLEKHH3
84313	VPS25
129831	RBM45
3615	IMPDH2
7097	TLR2
27065	NSG1
5122	PCSK1
114792	KLHL32
1537	CYC1
6399	TRAPPC2
50937	CDON
26472	PPP1R14B
51503	CWC15
10220	GDF11
80301	PLEKHO2
100506736	SLFN12L
54808	DYM
84224	NBPF3
580	BARD1
127	ADH4
2549	GAB1
2823	GPM6A
6622	SNCA
1161	ERCC8
94234	FOXQ1
80853	KDM7A
137868	SGCZ
10880	ACTL7B
158067	AK8
9600	PITPNM1
79731	NARS2
53831	GPR84
9870	AREL1
51716	CES1P1
23174	ZCCHC14
1267	CNP
3292	HSD17B1
199692	ZNF627
84503	ZNF527
140467	ZNF358
60672	MIIP
127733	UBXN10
2036	EPB41L1
11317	RBPJL
51604	PIGT
54058	C21orf58
254240	BPIFC
7380	UPK3A
26355	FAM162A
64866	CDCP1
6059	ABCE1
10622	POLR3G
84062	DTNBP1
9363	RAB33A
55613	MTMR8
9148	NEURL1
8690	JRKL
9271	PIWIL1
8900	CCNA1
50804	MYEF2
1136	CHRNA3
9496	TBX4
23207	PLEKHM2
2134	EXTL1
25830	SULT4A1
49	ACR
344387	CDKL4
80059	LRRTM4
28874	IGKV3D-20
152404	IGSF11
201595	STT3B
84570	COL25A1
6793	STK10
134864	TAAR1
154043	CNKSR3
85481	PSKH2
254956	MORN5
389761	SPATA31D4
1662	DDX10
53	ACP2
439921	MXRA7
4298	MLLT1
440603	BCL2L15
54148	MRPL39
50650	ARHGEF3
54756	IL17RD
345651	ACTBL2
10559	SLC35A1
10507	SEMA4D
11196	SEC23IP
56952	PRTFDC1
10205	MPZL2
414899	BLID
2305	FOXM1
55082	ARGLU1
9764	KIAA0513
84981	MIR22HG
147409	DSG4
100288142	NBPF20
9903	KLHL21
8412	BCAR3
80343	SEL1L2
83733	SLC25A18
151306	GPBAR1
57140	RNPEPL1
56898	BDH2
9465	AKAP7
113115	MTFR2
349075	ZNF713
4603	MYBL1
10565	ARFGEF1
23189	KANK1
80314	EPC1
56158	TEX12
219983	OR4D6
10524	KAT5
84274	COQ5
121536	AEBP2
121355	GTSF1
552	AVPR1A
2308	FOXO1
319138	BNIP3P1
22909	FAN1
83985	SPNS1
10458	BAIAP2
7710	ZNF154
27243	CHMP2A
5226	PGD
5054	SERPINE1
835	CASP2
64921	CASD1
139628	FOXR2
79983	POF1B
11130	ZWINT
6348	CCL3
348235	SKA2
5273	SERPINB10
10848	PPP1R13L
4909	NTF4
3685	ITGAV
27148	STK36
28999	KLF15
197	AHSG
131544	CRYBG3
896	CCND3
51351	ZNF117
2491	CENPI
140597	TCEAL2
5540	NPY4R
5959	RDH5
2583	B4GALNT1
664613	MIR544A
9318	COPS2
146167	SLC38A8
23746	AIPL1
51341	ZBTB7A
10520	ZNF211
284312	ZSCAN1
128371	OR6K6
55160	ARHGEF10L
81788	NUAK2
22887	FOXJ3
3604	TNFRSF9
440905	FAR2P1
27436	EML4
51263	MRPL30
4547	MTTP
221749	PXDC1
57210	SLC45A4
3717	JAK2
255239	ANKK1
619383	SCARNA9
10808	HSPH1
5457	POU4F1
2935	GSPT1
10295	BCKDK
146434	ZNF597
55239	OGFOD1
5376	PMP22
339241	KRT17P2
26115	TANC2
1054	CEBPG
2117	ETV3
55105	GPATCH2
256435	ST6GALNAC3
10950	BTG3
84173	ELMOD3
10865	ARID5A
131669	UROC1
55669	MFN1
200931	SLC51A
27086	FOXP1
728411	GUSBP1
57180	ACTR3B
5774	PTPN3
5069	PAPPA
10444	ZER1
54470	ARMCX6
64860	ARMCX5
3358	HTR2C
330	BIRC3
390259	BSX
119765	OR4B1
4728	NDUFS8
84342	COG8
2124	EVI2B
51174	TUBD1
64853	AIDA
149934	NCOR1P1
8940	TOP3B
11250	GPR45
9262	STK17B
11188	NISCH
51663	ZFR
1871	E2F3
90665	TBL1Y
64081	PBLD
84986	ARHGAP19
112936	VPS26B
219417	OR8U1
55298	RNF121
9815	GIT2
55846	ITFG2
144455	E2F7
3682	ITGAE
8678	BECN1
404093	CUEDC1
10462	CLEC10A
223	ALDH9A1
23057	NMNAT2
339500	ZNF678
28908	IGKV4-1
4820	NKTR
6015	RING1
93643	TJAP1
51024	FIS1
445328	ARHGEF35
286075	ZNF707
9827	RGP1
486	FXYD2
3739	KCNA4
81168	OR8J3
51768	TM7SF3
147007	TMEM199
284114	TMEM102
163131	ZNF780B
11338	U2AF2
125981	ACER1
163479	FNDC7
54834	GDAP2
5590	PRKCZ
51575	ESF1
8530	CST7
57471	ERMN
8828	NRP2
200504	GKN2
5915	RARB
5162	PDHB
166379	BBS12
153201	SLC36A2
222537	HS3ST5
2070	EYA4
6804	STX1A
2792	GNGT1
2934	GSN
63951	DMRTA1
79589	RNF128
4110	MAGEA11
55559	HAUS7
79135	APOO
139793	PAGE3
8287	USP9Y
55328	RNLS
57571	CARNS1
116238	TLCD1
124790	HEXIM2
284390	ZNF763
339366	ADAMTSL5
730051	ZNF814
148327	CREB3L4
126669	SHE
54455	FBXO42
9283	GPR37L1
391191	OR2AK2
9672	SDC3
55635	DEPDC1
92086	GGTLC1
83666	PARP9
729627	PRR23A
55207	ARL8B
51176	LEF1
10098	TSPAN5
3786	KCNQ3
28227	PPP2R3B
51144	HSD17B12
2735	GLI1
5777	PTPN6
390595	UBAP1L
83902	KRTAP17-1
653645	TBC1D3P1-DHX40P1
1185	CLCN6
2215	FCGR3B
26099	SZRD1
11124	FAF1
140881	DEFB129
56731	SLC2A4RG
5435	POLR2F
6382	SDC1
51372	TMA7
1047	CLGN
51247	PAIP2
2151	F2RL2
392307	FAM221B
139322	APOOL
53340	SPA17
144108	SPTY2D1
26512	INTS6
51588	PIAS4
7576	ZNF28
54991	C1orf159
3737	KCNA2
57326	PBXIP1
9696	CROCC
1131	CHRM3
284521	OR2L13
25770	C22orf31
79800	CARF
5161	PDHA2
51808	PHAX
4121	MAN1A1
245928	DEFB114
63979	FIGNL1
168374	ZNF92
5375	PMP2
168975	CNBD1
1759	DNM1
7088	TLE1
834	CASP1
112937	GLB1L3
100132979	GOLGA8DP
64718	UNKL
56928	SPPL2B
55769	ZNF83
4582	MUC1
440699	LRRC52
388646	GBP7
27296	TP53TG5
54891	INO80D
132321	C4orf33
22885	ABLIM3
255426	RASGEF1C
29964	PRICKLE4
5516	PPP2CB
8653	DDX3Y
657	BMPR1A
219855	SLC37A2
10346	TRIM22
84530	SRRM4
51382	ATP6V1D
1258	CNGB1
8522	GAS7
126074	SWSAP1
112939	NACC1
56961	SHD
91039	DPP9
23254	KAZN
6920	TCEA3
8514	KCNAB2
337878	KRTAP7-1
164781	DAW1
100534599	ISY1-RAB43
26996	GPR160
54165	DCUN1D1
401115	C4orf48
26272	FBXO4
64924	SLC30A5
2444	FRK
222658	KCTD20
84310	C7orf50
28568	TRBV19
346525	OR2A12
959	CD40LG
54503	ZDHHC13
5080	PAX6
51290	ERGIC2
9924	PAN2
23250	ATP11A
11345	GABARAPL2
149620	CHIAP2
5993	RFX5
128153	SPATA17
9629	CLCA3P
2687	GGT5
64241	ABCG8
132946	ARL9
26157	GIMAP2
4852	NPY
158747	MOSPD2
4440	MSI1
440145	MZT1
115098	CCDC124
10859	LILRB1
10641	NPRL2
346653	FAM71F2
79723	SUV39H2
338674	OR5F1
254552	NUDT8
91010	FMNL3
28468	IGHV1-18
493901	RNASE12
220	ALDH1A3
6638	SNRPN
2962	GTF2F1
23549	DNPEP
255330	NUP210P1
11277	TREX1
79646	PANK3
84154	RPF2
54329	GPR85
7016	TESK1
53358	SHC3
7166	TPH1
81570	CLPB
22821	RASA3
79612	NAA16
64745	METTL17
348158	ACSM2B
55066	PDPR
18	ABAT
5164	PDK2
29899	GPSM2
2224	FDPS
7130	TNFAIP6
54657	UGT1A4
440955	TMEM89
8001	GLRA3
340307	CTAGE6
563	AZGP1
9108	MTMR7
55667	DENND4C
349633	PLET1
144110	TMEM86A
54997	TESC
10566	AKAP3
5267	SERPINA4
23558	WBP2
83715	ESPN
284697	KIAA1107
54437	SEMA5B
8048	CSRP3
221091	LRRN4CL
10411	RAPGEF3
6843	VAMP1
2259	FGF14
387332	TBPL2
339044	PKD1P1
83394	PITPNM3
84261	FBXW9
93323	HAUS8
388558	ZNF808
7812	CSDE1
8318	CDC45
285190	RGPD4
57654	UVSSA
7478	WNT8A
7060	THBS4
51715	RAB23
57037	ANKMY2
3624	INHBA
29990	PILRB
8636	SSNA1
8471	IRS4
390113	OR4X1
26496	OR10A3
55530	SVOP
11228	RASSF8
283373	ANKRD52
283349	RASSF3
79621	RNASEH2B
10082	GPC6
9529	BAG5
91603	ZNF830
51087	YBX2
8774	NAPG
10272	FSTL3
79594	MUL1
5586	PKN2
3420	IDH3B
128602	C20orf85
10069	RWDD2B
28778	IGLV6-57
1439	CSF2RB
7324	UBE2E1
5449	POU1F1
9631	NUP155
23500	DAAM2
860	RUNX2
80142	PTGES2
254295	PHYHD1
51132	RLIM
10179	RBM7
283159	OR8D1
340980	OR52B6
26229	B3GAT3
10897	YIF1A
3902	LAG3
10914	PAPOLA
125170	MIEF2
124626	ZPBP2
284382	ACTL9
338324	S100A7A
25802	LMOD1
10450	PPIE
149233	IL23R
51100	SH3GLB1
10544	PROCR
128497	SPATA25
8462	KLF11
5806	PTX3
23262	PPIP5K2
23080	AVL9
60506	NYX
7258	TSPY1
81930	KIF18A
219437	OR5L1
4323	MMP14
124274	GPR139
5329	PLAUR
54879	ST7L
64858	DCLRE1B
911	CD1C
391107	OR10K2
79693	YRDC
10797	MTHFD2
85438	CABS1
56098	PCDHGC4
6648	SOD2
79694	MANEA
340371	NRBP2
3449	IFNA16
9615	GDA
100302153	MIR1298
680	BRS3
1763	DNA2
728558	ENTPD1-AS1
441631	TSPAN11
92595	ZNF764
4884	NPTX1
1572	CYP2F1
963	CD53
10899	JTB
25874	MPC2
261726	TIPRL
1122	CHML
54432	YIPF1
386678	KRTAP10-11
2829	XCR1
6783	SULT1E1
4001	LMNB1
6502	SKP2
245806	VGLL2
696	BTN1A1
5696	PSMB8
6257	RXRB
5520	PPP2R2A
793	CALB1
9853	RUSC2
8260	NAA10
8284	KDM5D
729096	BMS1P4
23387	SIK3
57228	SMAGP
5595	MAPK3
474170	LRRC37A2
55119	PRPF38B
1141	CHRNB2
4065	LY75
9874	TLK1
9759	HDAC4
5922	RASA2
59350	RXFP1
4602	MYB
51450	PRRX2
54914	FOCAD
2315	MLANA
574509	MIR513A1
64231	MS4A6A
121512	FGD4
11057	ABHD2
54890	ALKBH5
81850	KRTAP1-3
55527	FEM1A
4146	MATN1
64744	SMAP2
63908	NAPB
55171	TBCCD1
4049	LTA
89822	KCNK17
312	ANXA13
257240	KLHL34
3824	KLRD1
4618	MYF6
6017	RLBP1
653190	ABCC6P1
390927	ZNF793
1084	CEACAM3
54587	MXRA8
51205	ACP6
183	AGT
51441	YTHDF2
85366	MYLK2
79674	VEPH1
166863	RBM46
6659	SOX4
10248	POP7
548645	DNAJC25
169834	ZNF883
3448	IFNA14
203562	TMEM31
93380	MMGT1
169981	SPIN3
1892	ECHS1
2350	FOLR2
123970	C16orf78
8387	OR1E1
3927	LASP1
762	CA4
37	ACADVL
57724	EPG5
26659	OR7A5
79744	ZNF419
9462	RASAL2
2825	GPR1
54465	ETAA1
84859	LRCH3
1576	CYP3A4
1902	LPAR1
28989	NTMT1
55841	WWC3
3052	HCCS
2892	GRIA3
1586	CYP17A1
3732	CD82
50838	TAS2R13
8562	DENR
23416	KCNH3
28318	IGHV3OR15-7
5336	PLCG2
30837	SOCS7
3487	IGFBP4
4355	MPP2
163051	ZNF709
7135	TNNI1
65094	JMJD4
55006	TRMT61B
129530	LYG1
55651	NHP2
133957	CCDC127
29116	MYLIP
57380	MRS2
79613	TANGO6
1520	CTSS
3428	IFI16
5530	PPP3CA
152756	FAM218A
285704	RGMB
23590	PDSS1
4975	OMP
50865	HEBP1
7167	TPI1
122809	SOCS4
10352	WARS2
26060	APPL1
115265	DDIT4L
28952	CCDC22
4598	MVK
4236	MFAP1
5073	PARN
4501	MT1X
93517	SDR42E1
224	ALDH3A2
100128569	C19orf71
53822	FXYD7
8615	USO1
9232	PTTG1
662	BNIP1
54825	CDHR2
80230	RUFY1
285659	OR2V2
51406	NOL7
155061	ZNF746
2021	ENDOG
2731	GLDC
9459	ARHGEF6
5160	PDHA1
51184	GPN3
3850	KRT3
123228	SENP8
5912	RAP2B
345062	PRSS48
389257	LRRC14B
644353	ZCCHC18
5995	RGR
2101	ESRRA
2197	FAU
1374	CPT1A
60485	SAV1
55897	MESP1
347741	OTOP3
23335	WDR7
81576	CCDC130
1999	ELF3
64600	PLA2G2F
163702	IFNLR1
5984	RFC4
10188	TNK2
8309	ACOX2
7365	UGT2B10
94033	FTMT
10011	SRA1
3157	HMGCS1
4224	MEP1A
63917	GALNT11
100421634	CUBNP3
51075	TMX2
493861	EID3
397	ARHGDIB
11331	PHB2
83591	THAP2
145482	PTGR2
58489	ABHD17C
2653	GCSH
201283	AMZ2P1
59340	HRH4
339327	ZNF546
25759	SHC2
24139	EML2
353132	LCE1B
55092	TMEM51
9145	SYNGR1
253190	SERHL2
91543	RSAD2
1356	CP
5860	QDPR
639	PRDM1
27241	BBS9
644128	RPL23AP53
2790	GNG10
286205	SCAI
84628	NTNG2
4319	MMP10
5286	PIK3C2A
220002	CYB561A3
64897	C12orf43
386653	IL31
115749	C12orf56
84190	METTL25
55425	GPALPP1
374655	ZNF710
197342	EME2
26022	TMEM98
63895	PIEZO2
57677	ZFP14
57030	SLC17A7
912	CD1D
9698	PUM1
149483	CCDC17
55959	SULF2
5357	PLS1
165679	SPTSSB
7690	ZNF131
5603	MAPK13
375607	NAT16
693178	MIR593
27147	DENND2A
7791	ZYX
55353	LAPTM4B
57706	DENND1A
64425	POLR1E
170685	NUDT10
390157	OR8K1
390323	OR6C75
147744	TMEM190
254879	OR2T6
9435	CHST2
83893	SPATA16
6863	TAC1
440073	IQSEC3
84899	TMTC4
122618	PLD4
28657	TRAV26-1
27023	FOXB1
30812	SOX8
1362	CPD
100132386	KRTAP4-9
9552	SPAG7
342898	SYCN
94030	LRRC4B
25832	NBPF14
4610	MYCL
63935	PCIF1
7855	FZD5
90288	EFCAB12
57721	METTL14
3627	CXCL10
26262	TSPAN17
10512	SEMA3C
27085	MTBP
3439	IFNA1
6758	SSX5
5507	PPP1R3C
120065	OR5P2
9052	GPRC5A
89970	RSPRY1
146861	SLC35G3
284111	SLC13A5
126308	MOB3A
448834	KPRP
5321	PLA2G4A
1379	CR1L
339451	KLHL17
5593	PRKG2
26503	SLC17A5
134728	IRAK1BP1
80778	ZNF34
138724	C9orf131
334	APLP2
64852	TUT1
728215	FAM155A
29103	DNAJC15
8854	ALDH1A2
79748	LMAN1L
94103	ORMDL3
374868	ATP9B
374882	TMEM205
4653	MYOC
23127	COLGALT2
81928	CABLES2
150209	AIFM3
9609	RAB36
339761	CYP27C1
57835	SLC4A5
7535	ZAP70
84107	ZIC4
8994	LIMD1
391634	HSP90AB2P
339967	TMPRSS11A
55100	WDR70
728464	METTL24
347454	SOWAHD
158511	CSAG1
219743	TYSND1
643677	CCDC168
440248	HERC2P9
1512	CTSH
54873	PALMD
10560	SLC19A2
79411	GLB1L
130612	TMEM198
389123	IQCF2
51088	KLHL5
59084	ENPP5
389558	FAM180A
11219	TREX2
387718	TEX36
8505	PARG
6338	SCNN1B
15	AANAT
84733	CBX2
10212	DDX39A
128372	OR6N1
7165	TPD52L2
7008	TEF
55081	IFT57
132158	GLYCTK
56990	CDC42SE2
3101	HK3
494551	WEE2
23660	ZKSCAN5
91252	SLC39A13
254122	SNX32
341405	ANKRD33
10576	CCT2
2072	ERCC4
64319	FBRS
9340	GLP2R
255809	C19orf38
27202	C5AR2
90333	ZNF468
11025	LILRB3
3904	LAIR2
9213	XPR1
80045	GPR157
10051	SMC4
79443	FYCO1
64599	GIGYF1
2041	EPHA1
2626	GATA4
11137	PWP1
403284	OR6C68
28755	TRAC
5411	PNN
4157	MC1R
4641	MYO1C
9480	ONECUT2
9466	IL27RA
7408	VASP
27294	DHDH
10946	SF3A3
1031	CDKN2C
2646	GCKR
645784	ANKRD36BP2
185	AGTR1
22907	DHX30
57107	PDSS2
10603	SH2B2
51650	MRPS33
11236	RNF139
9639	ARHGEF10
80243	PREX2
25987	TSKU
4254	KITLG
90338	ZNF160
339456	TMEM52
388799	FAM209B
56110	PCDHGA5
4338	MOCS2
114781	BTBD9
5009	OTC
100287284	MANSC4
5427	POLE2
10509	SEMA4B
51321	AMZ2
55666	NPLOC4
9050	PSTPIP2
126075	CCDC159
574457	MIR181D
23476	BRD4
26532	OR10H3
79629	OCEL1
116541	MRPL54
10623	POLR3C
2582	GALE
84618	NT5C1A
6527	SLC5A4
285180	RUFY4
285335	SLC9C1
51308	REEP2
29886	SNX8
1750	DLX6
4683	NBN
6838	SURF6
9833	MELK
549	AUH
4281	MID1
254528	MEIOB
5709	PSMD3
7625	ZNF74
383	ARG1
11075	STMN2
10952	SEC61B
7321	UBE2D1
219981	OR5A2
54621	VSIG10
9388	LIPG
343263	MYBPHL
60493	FASTKD5
51252	FAM178B
51738	GHRL
56103	PCDHGB2
5134	PDCD2
340156	MYLK4
54927	CHCHD3
54103	GSAP
157310	PEBP4
92714	ARRDC1
538	ATP7A
80119	PIF1
9915	ARNT2
90410	IFT20
51073	MRPL4
55422	ZNF331
9667	SAFB2
148741	ANKRD35
114625	ERMAP
23261	CAMTA1
28231	SLCO4A1
285025	CCDC141
57630	SH3RF1
6731	SRP72
84740	AFAP1-AS1
135138	PACRG
23607	CD2AP
148	ADRA1A
619279	ZNF704
1610	DAO
63894	VIPAS39
112479	ERI2
1001	CDH3
57532	NUFIP2
1747	DLX3
23510	KCTD2
10189	ALYREF
3726	JUNB
51477	ISYNA1
55111	PLEKHJ1
6183	MRPS12
79085	SLC25A23
1805	DPT
5972	REN
55735	DNAJC11
55713	ZNF334
11200	CHEK2
91582	RPS19BP1
4760	NEUROD1
28972	SPCS1
4437	MSH3
56995	TULP4
80727	TTYH3
441194	PMS2CL
392376	OR13C2
51162	EGFL7
1072	CFL1
10776	ARPP19
124045	SPATA33
2587	GALR1
645745	MT1HL1
256380	SCML4
392360	CTSL3P
55690	PACS1
5204	PFDN5
146456	TMED6
2081	ERN1
201134	CEP112
1366	CLDN7
6730	SRP68
9123	SLC16A3
171586	ABHD3
574466	MIR519C
80128	TRIM46
84614	ZBTB37
3170	FOXA2
140710	SOGA1
4047	LSS
115677	NOSTRIN
8604	SLC25A12
150696	PROM2
389207	GRXCR1
132660	LIN54
26211	OR2F1
554236	DPY19L2P1
353345	GPR141
4715	NDUFB9
2675	GFRA2
54542	RC3H2
55833	UBAP2
23081	KDM4C
57713	SFMBT2
9610	RIN1
196463	PLBD2
55884	WSB2
55644	OSGEP
57336	ZNF287
284161	GDPD1
388333	SPDYE4
25896	INTS7
728116	ZBTB8B
10269	ZMPSTE24
6573	SLC19A1
693155	MIR570
2803	GOLGA4
196	AHR
256130	TMEM196
4104	MAGEA5
22931	RAB18
50836	TAS2R8
64375	IKZF4
3981	LIG4
1014	CDH16
653166	OR1D4
56925	LXN
51023	MRPS18C
7272	TTK
135892	TRIM50
94241	TP53INP1
85417	CCNB3
6441	SFTPD
329	BIRC2
9159	PCSK7
353116	RILPL1
1497	CTNS
7572	ZNF24
4092	SMAD7
3812	KIR3DL2
92747	BPIFB1
2078	ERG
23760	PITPNB
84869	CBR4
60312	AFAP1
1758	DMP1
2969	GTF2I
58524	DMRT3
23597	ACOT9
4317	MMP8
341799	OR6S1
28232	SLCO3A1
84225	ZMYND15
23509	POFUT1
64422	ATG3
285282	RABL3
54433	GAR1
91977	MYOZ3
51121	RPL26L1
9179	AP4M1
286262	TPRN
158046	NXNL2
219623	TMEM26
100132116	ACTA2-AS1
64806	IL25
57381	RHOJ
8120	AP3B2
56963	RGMA
6329	SCN4A
84705	GTPBP3
22847	ZNF507
140576	S100A16
91687	CENPL
10878	CFHR3
81559	TRIM11
27022	FOXD3
55615	PRR5
731220	RFX8
3344	FOXN2
53335	BCL11A
131474	CHCHD4
6307	MSMO1
132299	OCIAD2
55005	RMND1
55633	TBC1D22B
11333	PDAP1
83856	FSD1L
81605	URM1
54796	BNC2
79979	TRMT2B
84866	TMEM25
79841	AGBL2
9498	SLC4A8
84975	MFSD5
196410	METTL7B
407023	MIR299
80821	DDHD1
23034	SAMD4A
5104	SERPINA5
7343	UBTF
342979	PALM3
9149	DYRK1B
79088	ZNF426
23443	SLC35A3
3713	IVL
57419	SLC24A3
7529	YWHAB
151188	ARL6IP6
6694	SPP2
859	CAV3
441054	C4orf47
285671	RNF180
7128	TNFAIP3
8434	RECK
3695	ITGB7
442905	MIR337
10200	MPHOSPH6
3216	HOXB6
201501	ZBTB7C
1628	DBP
56900	TMEM167B
9741	LAPTM4A
79017	GGCT
203523	ZNF449
3563	IL3RA
219771	CCNY
22944	KIN
79102	RNF26
55048	VPS37C
9846	GAB2
81537	SGPP1
25837	RAB26
114034	TOE1
26090	ABHD12
56255	TMX4
23759	PPIL2
2274	FHL2
23066	CAND2
7862	BRPF1
8532	CPZ
1812	DRD1
5701	PSMC2
79923	NANOG
3621	ING1
4993	OR2C1
65251	ZNF649
64092	SAMSN1
254950	KRTAP15-1
79019	CENPM
200539	ANKRD23
347736	NME9
993	CDC25A
3107	HLA-C
6733	SRPK2
25946	ZNF385A
5836	PYGL
1613	DAPK3
1548	CYP2A6
7391	USF1
1600	DAB1
128866	CHMP4B
9781	RNF144A
214	ALCAM
23070	CMTR1
346517	OR6V1
8326	FZD9
9046	DOK2
90060	CCDC120
390261	OR6M1
1937	EEF1G
6564	SLC15A1
147011	PROCA1
84617	TUBB6
284293	HMSD
339318	ZNF181
2091	FBL
112703	FAM71E1
9887	SMG7
1739	DLG1
153642	ARSK
79618	HMBOX1
23514	SPIDR
159013	CXorf38
119548	PNLIPRP3
222	ALDH3B2
23583	SMUG1
51004	COQ6
4329	ALDH6A1
396	ARHGDIA
2323	FLT3LG
63925	ZNF335
85395	FAM207A
6722	SRF
168667	BMPER
25822	DNAJB5
414328	IDNK
28655	TRAV27
83873	GPR61
127435	PODN
285266	ENTPD3-AS1
51705	EMCN
9308	CD83
203259	FAM219A
56981	PRDM11
85004	RERG
283365	OR6C6
585	BBS4
10025	MED16
51702	PADI3
79000	AUNIP
10388	SYCP2
100506866	TTN-AS1
200958	MUC20
9390	SLC22A13
84068	SLC10A7
26049	FAM169A
64168	NECAB1
27340	UTP20
55578	SUPT20H
51195	RAPGEFL1
5578	PRKCA
79090	TRAPPC6A
84174	SLA2
64405	CDH22
8563	THOC5
8540	AGPS
5967	REG1A
166614	DCLK2
253012	HEPACAM2
6855	SYP
338755	OR2AG2
28686	TRAV7
342527	SMTNL2
2063	NR2F6
2867	FFAR2
945	CD33
442038	SULT1C3
1386	ATF2
11275	KLHL2
1558	CYP2C8
196374	KRT78
283377	SPRYD4
4293	MAP3K9
54778	RNF111
55898	UNC45A
7571	ZNF23
7442	TRPV1
64132	XYLT2
10953	TOMM34
442247	RFPL4B
10279	PRSS16
10471	PFDN6
5090	PBX3
84056	KATNAL1
7314	UBB
116236	ABHD15
619505	SNORA21
125963	OR1M1
53347	UBASH3A
7982	ST7
3952	LEP
56943	ENY2
157695	TDRP
5082	PDCL
3443	IFNA6
572	BAD
3853	KRT6A
23495	TNFRSF13B
146722	CD300LF
115290	FBXO17
84243	ZDHHC18
79980	DSN1
28809	IGLV3-1
50	ACO2
2016	EMX1
2996	GYPE
6892	TAPBP
139728	PNCK
2316	FLNA
146	ADRA1D
3755	KCNG1
83697	SLC4A9
401375	GTF2IRD2P1
118738	ZNF488
5949	RBP3
160428	ALDH1L2
654429	LRTM2
55269	PSPC1
3895	KTN1
10197	PSME3
89884	LHX4
83953	FCAMR
79906	MORN1
22839	DLGAP4
257068	PLCXD2
25898	RCHY1
643226	GRXCR2
5617	PRL
79139	DERL1
9679	FAM53B
196740	VSTM4
118881	COMTD1
144715	RAD9B
123722	FSD2
29948	OSGIN1
11011	TLK2
114804	RNF157
56270	WDR45B
219293	ATAD3C
7818	DAP3
84950	PRPF38A
100533107	RTEL1-TNFRSF6B
30811	HUNK
150248	C22orf15
79586	CHPF
9079	LDB2
7430	EZR
2794	GNL1
64111	NPVF
8019	BRD3
641339	ZNF674
54518	APBB1IP
6309	SC5D
4659	PPP1R12A
10219	KLRG1
26020	LRP10
57718	PPP4R4
84656	GLYR1
55288	RHOT1
23149	FCHO1
26476	OR10J1
387590	TPTEP1
51807	TUBA8
114800	CCDC85A
7915	ALDH5A1
10575	CCT4
56203	LMOD3
8895	CPNE3
51442	VGLL1
1571	CYP2E1
221	ALDH3B1
338442	HCAR2
7846	TUBA1A
57697	FANCM
100125288	ZGLP1
6248	RSC1A1
388753	COA6
2049	EPHB3
54995	OXSM
1849	DUSP7
11259	FILIP1L
6691	SPINK2
1452	CSNK1A1
3274	HRH2
256987	SERINC5
51362	CDC40
28606	TRBV6-1
84955	NUDCD1
570	BAAT
114908	TMEM123
50515	CHST11
440107	PLEKHG7
144809	FAM216B
28640	TRAV41
1743	DLST
25984	KRT23
4804	NGFR
7083	TK1
55304	SPTLC3
2297	FOXD1
51069	MRPL2
9583	ENTPD4
56935	SMCO4
88455	ANKRD13A
140432	RNF113B
3500	IGHG1
81614	NIPA2
2628	GATM
4913	NTHL1
84901	NFATC2IP
645369	TMEM200C
163126	EID2
286826	LIN9
6202	RPS8
388633	LDLRAD1
165324	UBXN2A
23609	MKRN2
414	ARSD
25805	BAMBI
22849	CPEB3
10892	MALT1
57191	VN1R1
150465	TTL
22807	IKZF2
1040	CDS1
10923	SUB1
79810	PTCD2
55859	BEX1
186	AGTR2
10682	EBP
374454	KRT77
53349	ZFYVE1
9516	LITAF
4504	MT3
283999	TMEM235
100507410	C1QTNF1-AS1
7039	TGFA
1329	COX5B
79413	ZBED2
2712	GK2
5229	PGGT1B
3295	HSD17B4
2550	GABBR1
644150	WIPF3
6571	SLC18A2
414152	C10orf105
51317	PHF21A
726	CAPN5
27183	VPS4A
9170	LPAR2
126567	C2CD4C
89790	SIGLEC10
388695	LYSMD1
348487	FAM131C
84809	CROCCP2
4688	NCF2
8537	BCAS1
1291	COL6A1
25828	TXN2
4668	NAGA
165140	OXER1
100126793	GHRLOS
3568	IL5RA
727936	GXYLT2
285368	PRRT3
3954	LETM1
56105	PCDHGA11
167555	FAM151B
80177	MYCT1
346171	ZFP57
3062	HCRTR2
2020	EN2
4067	LYN
58493	INIP
4783	NFIL3
64102	TNMD
81855	SFXN3
5551	PRF1
9211	LGI1
84437	MSANTD4
7108	TM7SF2
63875	MRPL17
51700	CYB5R2
23344	ESYT1
10240	MRPS31
27253	PCDH17
10548	TM9SF1
1690	COCH
161497	STRC
771	CA12
9780	PIEZO1
406905	MIR1-2
9218	VAPA
84245	MRI1
7515	XRCC1
374955	SPATA21
25932	CLIC4
284541	CYP4A22
84455	EFCAB7
11146	GLMN
10893	MMP24
6525	SMTN
9908	G3BP2
117247	SLC16A10
168537	GIMAP7
114991	ZNF618
203328	SUSD3
407009	MIR224
2252	FGF7
401666	OR51A4
55275	VPS53
2874	GPS2
90649	ZNF486
9580	SOX13
3775	KCNK1
1375	CPT1B
8942	KYNU
1844	DUSP2
9364	RAB28
348926	FAM86EP
23511	NUP188
9937	DCLRE1A
55138	FAM90A1
390437	OR4N5
641298	SMG1P1
162083	C16orf82
55876	GSDMB
100134934	TEN1
339230	CCDC137
51599	LSR
162989	DEDD2
79763	ISOC2
401994	OR14I1
9077	DIRAS3
55184	DZANK1
80336	PABPC1L
1890	TYMP
4862	NPAS2
80210	ARMC9
80111	C3orf36
6259	RYK
100506994	PTPRG-AS1
3360	HTR4
285755	PPIL6
10107	TRIM10
112609	MRAP2
6619	SNAPC3
138255	C9orf135
729092	AGAP5
6171	RPL41
1071	CETP
57799	RAB40C
80152	CENPT
10237	SLC35B1
64446	DNAI2
80776	B9D2
112401	BIRC8
57573	ZNF471
22854	NTNG1
3362	HTR6
23394	ADNP
875	CBS
86	ACTL6A
2919	CXCL1
5098	PCDHGC3
5167	ENPP1
1460	CSNK2B
401387	LRRD1
4920	ROR2
91851	CHRDL1
119772	OR52M1
83786	FRMD8
678655	CD27-AS1
2974	GUCY1B2
7043	TGFB3
145946	SPATA8
10261	IGSF6
284085	KRT18P55
5718	PSMD12
391104	VHLL
339855	KY
389549	FEZF1
157378	TMEM65
84131	CEP78
1968	EIF2S3
9469	CHST3
627	BDNF
23059	CLUAP1
197331	TUBB8P7
163049	ZNF791
51340	CRNKL1
28786	IGLV4-3
7095	SEC62
134288	TMEM174
23229	ARHGEF9
220074	LRTOMT
4256	MGP
23463	ICMT
78997	GDAP1L1
29063	ZCCHC4
100532732	MSH5-SAPCD1
54769	DIRAS2
84336	TMEM101
25974	MMACHC
1385	CREB1
5500	PPP1CB
54763	ROPN1
285501	LINC01098
119391	GSTO2
5464	PPA1
145389	SLC38A6
55272	IMP3
4910	NTF6A
387	RHOA
8772	FADD
29965	CDIP1
80325	ABTB1
201965	RWDD4
6150	MRPL23
387273	KRTAP5-10
116092	DNTTIP1
79101	TAF1D
29851	ICOS
130	ADH6
79894	ZNF672
140767	NRSN1
767583	SNORD114-7
115362	GBP5
8099	CDK2AP1
386674	KRTAP10-6
6003	RGS13
57092	PCNP
152789	JAKMIP1
29922	NME7
84265	POLR3GL
23566	LPAR3
283471	TMPRSS12
147687	ZNF417
8846	ALKBH1
50862	RNF141
1775	DNASE1L2
140686	WFDC3
7903	ST8SIA4
55316	RSAD1
10287	RGS19
6529	SLC6A1
63915	BLOC1S5
80824	DUSP16
116228	COX20
51256	TBC1D7
54840	APTX
138716	RPP25L
27319	BHLHE22
83401	ELOVL3
55837	EAPP
161198	CLEC14A
343	AQP8
763	CA5A
6517	SLC2A4
3959	LGALS3BP
79643	CHMP6
388468	POTEC
4616	GADD45B
199746	U2AF1L4
83658	DYNLRB1
54976	C20orf27
100532737	ATP6V1G2-DDX39B
4337	MOCS1
407053	MIR96
10061	ABCF2
100130274	CCDC166
403341	ZBTB34
138162	C9orf116
9022	CLIC3
2833	CXCR3
2304	FOXE1
81889	FAHD1
1848	DUSP6
84725	PLEKHA8
1369	CPN1
144348	ZNF664
55707	NECAP2
6045	RNF2
256815	C10orf67
56942	CMC2
9144	SYNGR2
29107	NXT1
27429	HTRA2
668	FOXL2
643155	SMIM15
10409	BASP1
57126	CD177
6152	RPL24
10668	CGRRF1
272	AMPD3
79096	C11orf49
55080	TAPBPL
123775	C16orf46
149775	GNAS-AS1
51601	LIPT1
345557	PLCXD3
2697	GJA1
10246	SLC17A2
57570	TRMT5
1728	NQO1
100873794	ASNSP5
8668	EIF3I
115019	SLC26A9
23585	TMEM50A
26525	IL36RN
152503	SH3D19
26234	FBXL5
106480730	C4B-AS1
162655	ZNF519
26061	HACL1
79170	PRR15L
200025	PFN1P3
171484	FAM9C
181	AGRP
339175	METTL2A
221079	ARL5B
5950	RBP4
100422944	MIR3186
51207	DUSP13
866	SERPINA6
4682	NUBP1
100312830	VN1R85P
4946	OAZ1
27347	STK39
8292	COLQ
100128327	TRAPPC3L
7341	SUMO1
4762	NEUROG1
9976	CLEC2B
23186	RCOR1
8819	SAP30
4922	NTS
10420	TESK2
51522	TMEM14C
26271	FBXO5
6882	TAF11
1081	CGA
51728	POLR3K
1043	CD52
3336	HSPE1
93487	MAPK1IP1L
80774	LIMD2
5341	PLEK
387267	KRTAP5-4
148170	CDC42EP5
10221	TRIB1
6282	S100A11
79856	SNX22
4883	NPR3
285636	C5orf51
1128	CHRM1
51309	ARMCX1
374666	WASH3P
5031	P2RY6
8788	DLK1
57798	GATAD1
29124	LGALS13
221547	RANP1
285	ANGPT2
84419	C15orf48
7091	TLE4
3543	IGLL1
84648	LCE3D
50636	ANO7
51616	TAF9B
81851	KRTAP1-1
1406	CRX
51727	CMPK1
10233	LRRC23
9622	KLK4
3148	HMGB2
632	BGLAP
63905	MANBAL
129880	BBS5
123904	NRN1L
5350	PLN
129138	ANKRD54
440051	KRTAP5-11
8655	DYNLL1
6636	SNRPF
5983	RFC3
51222	ZNF219
145864	HAPLN3
91862	MARVELD3
100130311	C17orf107
56907	SPIRE1
6277	S100A6
5511	PPP1R8
56888	KCMF1
3093	UBE2K
4283	CXCL9
8992	ATP6V0E1
84340	GFM2
135295	SRSF12
10169	SERF2
51409	HEMK1
839	CASP6
8756	ADAM7
6617	SNAPC1
339123	JMJD8
4702	NDUFA8
401551	WDR38
6484	ST3GAL4
644591	PPIAL4G
8620	NPFF
55014	STX17
317662	FAM149B1
284018	C17orf58
1472	CST4
4105	MAGEA6
10572	SIVA1
106479339	RN7SL319P
56156	TEX13B
7474	WNT5A
1411	CRYBA1
6289	SAA2
64754	SMYD3
389524	GTF2IRD2B
51400	PPME1
3078	CFHR1
337970	KRTAP19-3
1618	DAZL
9464	HAND2
106481774	RNU6-721P
60561	RINT1
388272	C16orf87
6899	TBX1
57590	WDFY1
106479794	RNU6-516P
1371	CPOX
389421	LIN28B
113444	SMIM12
5217	PFN2
348995	NUP43
10158	PDZK1IP1
123355	LRRC28
90390	MED30
3149	HMGB3
5300	PIN1
729020	RPEL1
51091	SEPSECS
5686	PSMA5
57128	LYRM4
79792	GSDMD
2355	FOSL2
3479	IGF1
25849	PARM1
256309	CCDC110
340719	NANOS1
55970	GNG12
534	ATP6V1G2
1152	CKB
57139	RGL3
6506	SLC1A2
83447	SLC25A31
51307	FAM53C
55695	NSUN5
4051	CYP4F3
7171	TPM4
2959	GTF2B
63826	SRR
2123	EVI2A
388611	CD164L2
26123	TCTN3
100873744	PFN1P8
106480204	RNU2-17P
128486	FITM2
6640	SNTA1
84623	KIRREL3
25844	YIPF3
2213	FCGR2B
127124	ATP6V1G3
84337	ELOF1
5342	PLGLB2
219541	MED19
6234	RPS28
25870	SUMF2
1318	SLC31A2
51652	CHMP3
389	RHOC
113277	TMEM106A
353514	LILRA5
407977	TNFSF12-TNFSF13
55652	SLC48A1
2271	FH
10393	ANAPC10
83463	MXD3
5870	RAB6A
129787	TMEM18
23588	KLHDC2
79626	TNFAIP8L2
55486	PARL
65055	REEP1
51142	CHCHD2
653509	SFTPA1
10929	SRSF8
7567	ZNF19
28511	NKIRAS2
51181	DCXR
389856	USP27X
5523	PPP2R3A
29094	LGALSL
28976	ACAD9
348	APOE
134548	SOWAHA
51123	ZNF706
5638	PRRG1
51374	ATRAID
54848	ARHGEF38
441150	C6orf226
79482	OR5AL1
57151	LYZL6
6997	TDGF1
9512	PMPCB
28957	MRPS28
57132	CHMP1B
55450	CAMK2N1
3872	KRT17
6790	AURKA
5372	PMM1
221443	OARD1
23270	TSPYL4
6704	SPRR2E
481	ATP1B1
5816	PVALB
10640	EXOC5
3111	HLA-DOA
2834	PRLHR
8833	GMPS
474	ATOH1
261729	STEAP2
80380	PDCD1LG2
51278	IER5
10625	IVNS1ABP
54810	GIPC2
100126299	VTRNA2-1
55332	DRAM1
404672	GTF2H5
1716	DGUOK
10666	CD226
221458	KIF6
259240	WFDC9
64376	IKZF5
2026	ENO2
89882	TPD52L3
842	CASP9
10791	VAMP5
84071	ARMC2
11224	RPL35
494118	SPANXN1
106478999	RNA5SP206
3049	HBQ1
1142	CHRNB3
153571	C5orf38
9506	PAGE4
8877	SPHK1
2205	FCER1A
399665	FAM102A
7024	TFCP2
401474	SAMD12
5527	PPP2R5C
219749	ZNF25
160365	CLECL1
10487	CAP1
1781	DYNC1I2
3048	HBG2
4609	MYC
11156	PTP4A3
54107	POLE3
54900	LAX1
374407	DNAJB13
55867	SLC22A11
10894	LYVE1
10956	OS9
253512	SLC25A30
25764	HYPK
8675	STX16
64772	ENGASE
54963	UCKL1
5467	PPARD
51537	MTFP1
84941	HSH2D
2885	GRB2
30820	KCNIP1
92283	ZNF461
83452	RAB33B
56623	INPP5E
124359	CDYL2
4701	NDUFA7
117145	THEM4
7356	SCGB1A1
3552	IL1A
10123	ARL4C
3212	HOXB2
6780	STAU1
163033	ZNF579
23204	ARL6IP1
2877	GPX2
57404	CYP20A1
3747	KCNC2
84066	TEX35
8673	VAMP8
38	ACAT1
100128378	LINC00696
6895	TARBP2
130752	MDH1B
754	PTTG1IP
4800	NFYA
57824	HMHB1
100048922	RPL35AP4
3188	HNRNPH2
252884	ZNF396
7001	PRDX2
57804	POLD4
1901	S1PR1
1415	CRYBB2
497189	TIFAB
54866	PPP1R14D
80345	ZSCAN16
57213	SPRYD7
339745	SPOPL
80740	LY6G6C
146542	ZNF688
5733	PTGER3
80832	APOL4
8715	NOL4
400916	CHCHD10
613212	CTXN3
10100	TSPAN2
388595	TMEM82
1470	CST2
221150	SKA3
124460	SNX20
83606	GUCD1
5564	PRKAB1
7003	TEAD1
388969	C2orf68
153218	SPINK13
54097	FAM3B
10879	SMR3B
23359	FAM189A1
6387	CXCL12
51119	SBDS
155400	NSUN5P1
26354	GNL3
54940	OCIAD1
51028	VPS36
404550	C16orf74
9352	TXNL1
1938	EEF2
7270	TTF1
3514	IGKC
220988	HNRNPA3
4999	ORC2
55069	TMEM248
119180	LYZL2
723961	INS-IGF2
51499	TRIAP1
59349	KLHL12
54386	TERF2IP
57335	ZNF286A
113235	SLC46A1
81611	ANP32E
9134	CCNE2
353145	LCE3E
26952	SMR3A
7200	TRH
131177	FAM3D
653404	FOXD4L6
988	CDC5L
6665	SOX15
90326	THAP3
25775	C22orf24
7545	ZIC1
222545	GPRC6A
101	ADAM8
3242	HPD
400566	C17orf97
27248	ERLEC1
4068	SH2D1A
2767	GNA11
57111	RAB25
5753	PTK6
441272	SPDYE3
6503	SLA
54734	RAB39A
23410	SIRT3
7388	UQCRH
155	ADRB3
340543	TCEAL5
10170	DHRS9
9753	ZSCAN12
441161	OOEP
222236	NAPEPLD
25906	ANAPC15
146540	ZNF785
83874	TBC1D10A
2488	FSHB
2695	GIP
56681	SAR1A
826	CAPNS1
8674	VAMP4
51014	TMED7
3267	AGFG1
8732	RNGTT
11157	LSM6
64236	PDLIM2
6996	TDG
84133	ZNRF3
414919	C8orf82
6273	S100A2
7274	TTPA
51164	DCTN4
386685	KRTAP10-12
11342	RNF13
80207	OPA3
89886	SLAMF9
167227	DCP2
2949	GSTM5
5320	PLA2G2A
84842	HPDL
84649	DGAT2
387923	SERP2
2641	GCG
6165	RPL35A
254958	REXO1L1P
2954	GSTZ1
9655	SOCS5
5715	PSMD9
64582	GPR135
10251	SPRY3
5954	RCN1
2300	FOXL1
147407	SLC25A52
3068	HDGF
10690	FUT9
118429	ANTXR2
440023	KRTAP5-6
57105	CYSLTR2
60386	SLC25A19
7620	ZNF69
57711	ZNF529
1363	CPE
55634	KRBOX4
54765	TRIM44
81542	TMX1
58496	LY6G5B
5456	POU3F4
10201	NME6
51645	PPIL1
10206	TRIM13
51126	NAA20
91445	RNF185
10113	PREB
6917	TCEA1
81631	MAP1LC3B
10838	ZNF275
9929	JOSD1